item_root,group_file,id,name,desc,has_icon,has_icon_raw,price,cash_flag,slot_max,xml_relpath,png_dir_relpath,icon_png_relpath,icon_raw_png_relpath
Install,0301,3010000,The Relaxer,Catch your breath and relax by sitting on this chair to recover 50 HP every 10 seconds.\n#cCannot be traded or dropped.#,1,1,100,,1,Item/Item.wz/Install/0301.img.xml,Item/Item.wz/Install/0301.img/03010000/info,Item/Item.wz/Install/0301.img/03010000/info/icon.png,Item/Item.wz/Install/0301.img/03010000/info/iconRaw.png
Install,0301,3010001,Sky-blue Wooden Chair,A specially-made sky-blue wooden chair that's only available in Lith Harbor. Recover 35 HP every 10 seconds.,1,1,500,,1,Item/Item.wz/Install/0301.img.xml,Item/Item.wz/Install/0301.img/03010001/info,Item/Item.wz/Install/0301.img/03010001/info/icon.png,Item/Item.wz/Install/0301.img/03010001/info/iconRaw.png
Install,0301,3010002,Green Chair,"A comfortable, plush green chair, complete with arm-rests. Recovers 50 HP every 10 seconds.",1,1,500,,1,Item/Item.wz/Install/0301.img.xml,Item/Item.wz/Install/0301.img/03010002/info,Item/Item.wz/Install/0301.img/03010002/info/icon.png,Item/Item.wz/Install/0301.img/03010002/info/iconRaw.png
Install,0301,3010003,Red Chair,"A comfortable, plush red chair, complete with arm-rests.. Recovers 50 HP every 10 seconds.",1,1,500,,1,Item/Item.wz/Install/0301.img.xml,Item/Item.wz/Install/0301.img/03010003/info,Item/Item.wz/Install/0301.img/03010003/info/icon.png,Item/Item.wz/Install/0301.img/03010003/info/iconRaw.png
Install,0301,3010004,The Yellow Relaxer,Catch your breath and relax by sitting on this chair to recover 50 HP every 10 seconds. Perfect for a quick break from training.,1,1,100,,1,Item/Item.wz/Install/0301.img.xml,Item/Item.wz/Install/0301.img/03010004/info,Item/Item.wz/Install/0301.img/03010004/info/icon.png,Item/Item.wz/Install/0301.img/03010004/info/iconRaw.png
Install,0301,3010005,The Red Relaxer,Catch your breath and relax by sitting on this chair to recover 50 HP every 10 seconds.  Perfect for a quick break from training.,1,1,100,,1,Item/Item.wz/Install/0301.img.xml,Item/Item.wz/Install/0301.img/03010005/info,Item/Item.wz/Install/0301.img/03010005/info/icon.png,Item/Item.wz/Install/0301.img/03010005/info/iconRaw.png
Install,0301,3010006,Yellow Chair,"A comfortable, plush yellow chair, complete with arm-rests. Recovers 50 HP every 10 seconds.",1,1,5000,,1,Item/Item.wz/Install/0301.img.xml,Item/Item.wz/Install/0301.img/03010006/info,Item/Item.wz/Install/0301.img/03010006/info/icon.png,Item/Item.wz/Install/0301.img/03010006/info/iconRaw.png
Install,0301,3010007,Pink Seal Cushion,An adorable pink cushion that resembles a seal.  Recovers HP 60 every 10 seconds.,1,1,1,,1,Item/Item.wz/Install/0301.img.xml,Item/Item.wz/Install/0301.img/03010007/info,Item/Item.wz/Install/0301.img/03010007/info/icon.png,Item/Item.wz/Install/0301.img/03010007/info/iconRaw.png
Install,0301,3010008,Blue Seal Cushion,An adorable blue cushion that resembles a seal.  Recovers HP 60 every 10 seconds.,1,1,1,,1,Item/Item.wz/Install/0301.img.xml,Item/Item.wz/Install/0301.img/03010008/info,Item/Item.wz/Install/0301.img/03010008/info/icon.png,Item/Item.wz/Install/0301.img/03010008/info/iconRaw.png
Install,0301,3010009,Red Round Chair,"Rumored to be crafted in Amoria, this special chair is also known as the Love Seat. Recover 20 HP and 20 MP every 10 seconds.",1,1,1,,1,Item/Item.wz/Install/0301.img.xml,Item/Item.wz/Install/0301.img/03010009/info,Item/Item.wz/Install/0301.img/03010009/info/icon.png,Item/Item.wz/Install/0301.img/03010009/info/iconRaw.png
Install,0301,3010010,White Seal Cushion,An adorable white cushion that resembles a seal.  Recovers HP 50 every 10 seconds.,1,1,5000,,1,Item/Item.wz/Install/0301.img.xml,Item/Item.wz/Install/0301.img/03010010/info,Item/Item.wz/Install/0301.img/03010010/info/icon.png,Item/Item.wz/Install/0301.img/03010010/info/iconRaw.png
Install,0301,3010011,Amorian Relaxer,A chair crafted by Jacob. Recovers 75 HP every 10 seconds.\n#cCannot be traded or dropped.#,1,1,500,,1,Item/Item.wz/Install/0301.img.xml,Item/Item.wz/Install/0301.img/03010011/info,Item/Item.wz/Install/0301.img/03010011/info/icon.png,Item/Item.wz/Install/0301.img/03010011/info/iconRaw.png
Install,0301,3010012,Warrior Throne,A powerful chair used often on the battlefield. Recovers 60 HP every 10 seconds.\n#cCannot be traded or dropped.#,1,1,400,,1,Item/Item.wz/Install/0301.img.xml,Item/Item.wz/Install/0301.img/03010012/info,Item/Item.wz/Install/0301.img/03010012/info/icon.png,Item/Item.wz/Install/0301.img/03010012/info/iconRaw.png
Install,0301,3010013,Beach Chair,A chair straight from the relaxation experts in Florina Beach. Recover 20 HP every 10 seconds.,1,1,100,,1,Item/Item.wz/Install/0301.img.xml,Item/Item.wz/Install/0301.img/03010013/info,Item/Item.wz/Install/0301.img/03010013/info/icon.png,Item/Item.wz/Install/0301.img/03010013/info/iconRaw.png
Install,0301,3010014,Moon Star Chair,"A light, stylish chair that seems to be sent from the heavens. Recover 30 HP and 30 MP every 10 seconds.",1,1,1,,1,Item/Item.wz/Install/0301.img.xml,Item/Item.wz/Install/0301.img/03010014/info,Item/Item.wz/Install/0301.img/03010014/info/icon.png,Item/Item.wz/Install/0301.img/03010014/info/iconRaw.png
Install,0301,3010015,The Red Relaxer,A chair with magical properties crafted in Ellinia. Restores 35 MP per 10 Seconds while sitting.,1,1,1,,1,Item/Item.wz/Install/0301.img.xml,Item/Item.wz/Install/0301.img/03010015/info,Item/Item.wz/Install/0301.img/03010015/info/icon.png,Item/Item.wz/Install/0301.img/03010015/info/iconRaw.png
Install,0301,3010016,Grey Seal Cushion,An adorable grey cushion that resembles a seal.  Recovers HP 60 every 10 seconds.,1,1,5000,,1,Item/Item.wz/Install/0301.img.xml,Item/Item.wz/Install/0301.img/03010016/info,Item/Item.wz/Install/0301.img/03010016/info/icon.png,Item/Item.wz/Install/0301.img/03010016/info/iconRaw.png
Install,0301,3010017,Gold Seal Cushion,An adorable gold cushion that resembles a seal.  Recovers MP 60 every 10 seconds.,1,1,5000,,1,Item/Item.wz/Install/0301.img.xml,Item/Item.wz/Install/0301.img/03010017/info,Item/Item.wz/Install/0301.img/03010017/info/icon.png,Item/Item.wz/Install/0301.img/03010017/info/iconRaw.png
Install,0301,3010018,Palm Tree Beach Chair,A beach chair placed in the shades under the palm tree at Ariant. Sit on it to recover HP 40 and MP 20 every 10 seconds.,1,1,1,,1,Item/Item.wz/Install/0301.img.xml,Item/Item.wz/Install/0301.img/03010018/info,Item/Item.wz/Install/0301.img/03010018/info/icon.png,Item/Item.wz/Install/0301.img/03010018/info/iconRaw.png
Install,0301,3010019,Kadomatsu,A specially-made chair that's only available in Mushroom Shrine. Recover 60 MP every 10 seconds.,1,1,1,,1,Item/Item.wz/Install/0301.img.xml,Item/Item.wz/Install/0301.img/03010019/info,Item/Item.wz/Install/0301.img/03010019/info/icon.png,Item/Item.wz/Install/0301.img/03010019/info/iconRaw.png
Install,0301,3010022,,,1,1,1,,1,Item/Item.wz/Install/0301.img.xml,Item/Item.wz/Install/0301.img/03010022/info,Item/Item.wz/Install/0301.img/03010022/info/icon.png,Item/Item.wz/Install/0301.img/03010022/info/iconRaw.png
Install,0301,3010023,,,1,1,1,,1,Item/Item.wz/Install/0301.img.xml,Item/Item.wz/Install/0301.img/03010023/info,Item/Item.wz/Install/0301.img/03010023/info/icon.png,Item/Item.wz/Install/0301.img/03010023/info/iconRaw.png
Install,0301,3010024,,,1,1,1,,1,Item/Item.wz/Install/0301.img.xml,Item/Item.wz/Install/0301.img/03010024/info,Item/Item.wz/Install/0301.img/03010024/info/icon.png,Item/Item.wz/Install/0301.img/03010024/info/iconRaw.png
Install,0301,3010025,Under the Maple Tree...,A white chair commemorating the 4th anniversary of MapleStory. Sit on it to recover HP 35 and MP 10 every 10 seconds.,1,1,1,,1,Item/Item.wz/Install/0301.img.xml,Item/Item.wz/Install/0301.img/03010025/info,Item/Item.wz/Install/0301.img/03010025/info/icon.png,Item/Item.wz/Install/0301.img/03010025/info/iconRaw.png
Install,0301,3010026,,,1,1,100,,1,Item/Item.wz/Install/0301.img.xml,Item/Item.wz/Install/0301.img/03010026/info,Item/Item.wz/Install/0301.img/03010026/info/icon.png,Item/Item.wz/Install/0301.img/03010026/info/iconRaw.png
Install,0301,3010028,,,1,1,100,,1,Item/Item.wz/Install/0301.img.xml,Item/Item.wz/Install/0301.img/03010028/info,Item/Item.wz/Install/0301.img/03010028/info/icon.png,Item/Item.wz/Install/0301.img/03010028/info/iconRaw.png
Install,0301,3010040,The Stirge Seat,A chair hand-crafted by Stirgeman for aspiring superheroes! Recovers 50 HP and 50 MP every 10 seconds.,1,1,1,,1,Item/Item.wz/Install/0301.img.xml,Item/Item.wz/Install/0301.img/03010040/info,Item/Item.wz/Install/0301.img/03010040/info/icon.png,Item/Item.wz/Install/0301.img/03010040/info/iconRaw.png
Install,0301,3010041,Skull Throne,"A chair crafted within the Phantom Forest, complete with...ornaments...from unlucky travelers. Recovers 50 HP and 50 MP every 10 seconds.",1,1,1,,1,Item/Item.wz/Install/0301.img.xml,Item/Item.wz/Install/0301.img/03010041/info,Item/Item.wz/Install/0301.img/03010041/info/icon.png,Item/Item.wz/Install/0301.img/03010041/info/iconRaw.png
Install,0301,3010043,Halloween Broomstick Chair,"When you sit on the Halloween Broomstick Chair, 50 MP is restored every 10 seconds",1,1,1,,1,Item/Item.wz/Install/0301.img.xml,Item/Item.wz/Install/0301.img/03010043/info,Item/Item.wz/Install/0301.img/03010043/info/icon.png,Item/Item.wz/Install/0301.img/03010043/info/iconRaw.png
Install,0301,3010045,Ice Chair,A chair made out of Ice Queen's ice pieces. Sit on it to recover HP 40 and MP 30 per 10 seconds.,1,1,1,,1,Item/Item.wz/Install/0301.img.xml,Item/Item.wz/Install/0301.img/03010045/info,Item/Item.wz/Install/0301.img/03010045/info/icon.png,Item/Item.wz/Install/0301.img/03010045/info/iconRaw.png
Install,0301,3010046,Dragon Chair(Inferno),Inferno will comfort your body. Recovers 60 HP every 10 seconds.,1,1,1,,1,Item/Item.wz/Install/0301.img.xml,Item/Item.wz/Install/0301.img/03010046/info,Item/Item.wz/Install/0301.img/03010046/info/icon.png,Item/Item.wz/Install/0301.img/03010046/info/iconRaw.png
Install,0301,3010047,Dragon Chair(Abyss),Abyss will comfort your mind. Recovers 60 MP every 10 seconds.,1,1,1,,1,Item/Item.wz/Install/0301.img.xml,Item/Item.wz/Install/0301.img/03010047/info,Item/Item.wz/Install/0301.img/03010047/info/icon.png,Item/Item.wz/Install/0301.img/03010047/info/iconRaw.png
Install,0301,3010057,BloodyRose,You will recover 50 HP every 10 seconds. You will experience the might of a conqueror after recovery.,1,1,1,,1,Item/Item.wz/Install/0301.img.xml,Item/Item.wz/Install/0301.img/03010057/info,Item/Item.wz/Install/0301.img/03010057/info/icon.png,Item/Item.wz/Install/0301.img/03010057/info/iconRaw.png
Install,0301,3010058,WorldEnd,"You will recover 50 HP every 10 seconds. Perhaps, as you recline, you will find the answer to many of life's questions.",1,1,1,,1,Item/Item.wz/Install/0301.img.xml,Item/Item.wz/Install/0301.img/03010058/info,Item/Item.wz/Install/0301.img/03010058/info/icon.png,Item/Item.wz/Install/0301.img/03010058/info/iconRaw.png
Install,0301,3010060,Noblesse Chair,A chair makes you feel like you're sitting in the lap of luxury. Also recovers 50 HP every 10 seconds.,1,1,100,,1,Item/Item.wz/Install/0301.img.xml,Item/Item.wz/Install/0301.img/03010060/info,Item/Item.wz/Install/0301.img/03010060/info/icon.png,Item/Item.wz/Install/0301.img/03010060/info/iconRaw.png
Install,0301,3010061,Underneath the Maple Tree…,A white chair created to celebrate Maple Story's 6th Anniversary. Sit on it to restore 35 HP and 10 MP every 10 seconds.,1,1,1,,1,Item/Item.wz/Install/0301.img.xml,Item/Item.wz/Install/0301.img/03010061/info,Item/Item.wz/Install/0301.img/03010061/info/icon.png,Item/Item.wz/Install/0301.img/03010061/info/iconRaw.png
Install,0301,3010062,Bamboo Chair ,A chair that restores HP every 10 seconds when used. It's very strong since it was made from bamboo grown on Rien.,1,1,100,,1,Item/Item.wz/Install/0301.img.xml,Item/Item.wz/Install/0301.img/03010062/info,Item/Item.wz/Install/0301.img/03010062/info/icon.png,Item/Item.wz/Install/0301.img/03010062/info/iconRaw.png
Install,0301,3010063,Moon and Star Cushion,A pretty cushion shaped like a moon. Recovers 60 HP every 10 seconds.,1,1,1,,1,Item/Item.wz/Install/0301.img.xml,Item/Item.wz/Install/0301.img/03010063/info,Item/Item.wz/Install/0301.img/03010063/info/icon.png,Item/Item.wz/Install/0301.img/03010063/info/iconRaw.png
Install,0301,3010064,Male Desert Rabbit Cushion  ,60 HP is restored every 10 seconds if you lean back on this cute Male Desert Rabbit Cushion.,1,1,1,,1,Item/Item.wz/Install/0301.img.xml,Item/Item.wz/Install/0301.img/03010064/info,Item/Item.wz/Install/0301.img/03010064/info/icon.png,Item/Item.wz/Install/0301.img/03010064/info/iconRaw.png
Install,0301,3010065,Pink Beach Parasol,A pink beach chair that makes you want to go to the beach. Restores 60 HP every 10 seconds.,1,1,1,,1,Item/Item.wz/Install/0301.img.xml,Item/Item.wz/Install/0301.img/03010065/info,Item/Item.wz/Install/0301.img/03010065/info/icon.png,Item/Item.wz/Install/0301.img/03010065/info/iconRaw.png
Install,0301,3010066,Navy Velvet Sofa  ,A luxurious velvet sofa dyed with a beautiful shade of navy. Restores 60 HP every 10 seconds.,1,1,1,,1,Item/Item.wz/Install/0301.img.xml,Item/Item.wz/Install/0301.img/03010066/info,Item/Item.wz/Install/0301.img/03010066/info/icon.png,Item/Item.wz/Install/0301.img/03010066/info/iconRaw.png
Install,0301,3010067,Red Designer Chair  ,A designer chair that glows with a passionate red. Restores 60 HP every 10 seconds.,1,1,1,,1,Item/Item.wz/Install/0301.img.xml,Item/Item.wz/Install/0301.img/03010067/info,Item/Item.wz/Install/0301.img/03010067/info/icon.png,Item/Item.wz/Install/0301.img/03010067/info/iconRaw.png
Install,0301,3010069,Yellow Robot Chair,Perch yourself on the hand of this powerful yellow robot to recover 50 HP and 30 MP every 10 seconds.,1,1,1,,1,Item/Item.wz/Install/0301.img.xml,Item/Item.wz/Install/0301.img/03010069/info,Item/Item.wz/Install/0301.img/03010069/info/icon.png,Item/Item.wz/Install/0301.img/03010069/info/iconRaw.png
Install,0301,3010071,Mini Shinsoo Chair,"When you rest on the Shinsoo, 50 HP and 50 MP are restored every 10 seconds",1,1,1,,1,Item/Item.wz/Install/0301.img.xml,Item/Item.wz/Install/0301.img/03010071/info,Item/Item.wz/Install/0301.img/03010071/info/icon.png,Item/Item.wz/Install/0301.img/03010071/info/iconRaw.png
Install,0301,3010072,Miwok Chief's Chair,"The chair in which the chiefs of the Miwok tribe sat. If you sit in this chair, you can receive the strength of the Miwok ancestors and recover 65MP in 10 seconds.",1,1,1,,1,Item/Item.wz/Install/0301.img.xml,Item/Item.wz/Install/0301.img/03010072/info,Item/Item.wz/Install/0301.img/03010072/info/icon.png,Item/Item.wz/Install/0301.img/03010072/info/iconRaw.png
Install,0301,3010073,Giant Pink Bean Cushion,"A cushion that resembles Pink Bean, the underling of the Black Mage. Leaning against the cushion and resting will recover 50 HP and 30 MP every 10 seconds. ",1,1,1,,1,Item/Item.wz/Install/0301.img.xml,Item/Item.wz/Install/0301.img/03010073/info,Item/Item.wz/Install/0301.img/03010073/info/icon.png,Item/Item.wz/Install/0301.img/03010073/info/iconRaw.png
Install,0301,3010080,Swing on the Persimmon Tree,There is a swing on the Persimmon Tree with ripe persimmons.,1,1,1,,1,Item/Item.wz/Install/0301.img.xml,Item/Item.wz/Install/0301.img/03010080/info,Item/Item.wz/Install/0301.img/03010080/info/icon.png,Item/Item.wz/Install/0301.img/03010080/info/iconRaw.png
Install,0301,3010081,홍상모 월묘 방석,방석에 앉으면 빨간 상모를 쓴 귀여운 월묘의 재주를 볼 수 있다.,1,1,1,,1,Item/Item.wz/Install/0301.img.xml,Item/Item.wz/Install/0301.img/03010081/info,Item/Item.wz/Install/0301.img/03010081/info/icon.png,Item/Item.wz/Install/0301.img/03010081/info/iconRaw.png
Install,0301,3010082,청상모 월묘 방석,방석에 앉으면 파란 상모를 쓴 귀여운 월묘의 재주를 볼 수 있다.,1,1,1,,1,Item/Item.wz/Install/0301.img.xml,Item/Item.wz/Install/0301.img/03010082/info,Item/Item.wz/Install/0301.img/03010082/info/icon.png,Item/Item.wz/Install/0301.img/03010082/info/iconRaw.png
Install,0301,3010083,부채춤 월묘 방석,방석에 앉으면 부채를 들고 줄타기를 하는 월묘의 재주를 볼 수 있다.,1,1,1,,1,Item/Item.wz/Install/0301.img.xml,Item/Item.wz/Install/0301.img/03010083/info,Item/Item.wz/Install/0301.img/03010083/info/icon.png,Item/Item.wz/Install/0301.img/03010083/info/iconRaw.png
Install,0301,3010084,태평소 월묘 방석,방석에 앉으면 혼신의 힘을 다해 연주하는 월묘를 볼 수 있다.,1,1,1,,1,Item/Item.wz/Install/0301.img.xml,Item/Item.wz/Install/0301.img/03010084/info,Item/Item.wz/Install/0301.img/03010084/info/icon.png,Item/Item.wz/Install/0301.img/03010084/info/iconRaw.png
Install,0301,3010085,Olivia's Chair,An eerie looking chair that resembles Olivia. Recovers 40 HP and 35 MP every 10 seconds,1,1,1,,1,Item/Item.wz/Install/0301.img.xml,Item/Item.wz/Install/0301.img/03010085/info,Item/Item.wz/Install/0301.img/03010085/info/icon.png,Item/Item.wz/Install/0301.img/03010085/info/iconRaw.png
Install,0301,3010092,Witch's Broomstick,Hold onto the Broomstick so you don't fall off.,1,1,1,,1,Item/Item.wz/Install/0301.img.xml,Item/Item.wz/Install/0301.img/03010092/info,Item/Item.wz/Install/0301.img/03010092/info/icon.png,Item/Item.wz/Install/0301.img/03010092/info/iconRaw.png
Install,0301,3010098,TV Recliner,A new chair to recline and relax in throughout the Thanksgiving holiday.\nRecovers 60 HP and 30 MP every 10 seconds.,1,1,1,,1,Item/Item.wz/Install/0301.img.xml,Item/Item.wz/Install/0301.img/03010098/info,Item/Item.wz/Install/0301.img/03010098/info/icon.png,Item/Item.wz/Install/0301.img/03010098/info/iconRaw.png
Install,0301,3010099,Cuddly Polar Bear,"Cuddling with the Polar Bear for some cozy, comfy rest will recover 50 HP and 50 MP every 10 seconds.",1,1,1,,1,Item/Item.wz/Install/0301.img.xml,Item/Item.wz/Install/0301.img/03010099/info,Item/Item.wz/Install/0301.img/03010099/info/icon.png,Item/Item.wz/Install/0301.img/03010099/info/iconRaw.png
Install,0301,3010101,Christmas Gift Box,"A huge X-mas Gift Box big enough to fit a grownup. It has a message that reads, ""I am here for you."" Sitting in it will recover 50 HP and MP every 10 seconds.",1,1,1,,1,Item/Item.wz/Install/0301.img.xml,Item/Item.wz/Install/0301.img/03010101/info,Item/Item.wz/Install/0301.img/03010101/info/icon.png,Item/Item.wz/Install/0301.img/03010101/info/iconRaw.png
Install,0301,3010106,Ryko Chair,"Snuggle up with Aran's loyal mount, Ryko, to recover 50 HP and MP every 10 seconds.",1,1,1,,1,Item/Item.wz/Install/0301.img.xml,Item/Item.wz/Install/0301.img/03010106/info,Item/Item.wz/Install/0301.img/03010106/info/icon.png,Item/Item.wz/Install/0301.img/03010106/info/iconRaw.png
Install,0301,3010111,Tiger Skin Chair,Lean back on this imposing Tiger Skin Chair to restore 50 HP and 30 MP every 10 seconds.,1,1,1,,1,Item/Item.wz/Install/0301.img.xml,Item/Item.wz/Install/0301.img/03010111/info,Item/Item.wz/Install/0301.img/03010111/info/icon.png,Item/Item.wz/Install/0301.img/03010111/info/iconRaw.png
Install,0301,3010116,The Spirit of Rock Chair,A new chair that makes you feel like a Rock Star.\nRecovers 60 HP and 30 MP every 10 seconds.,1,1,1,,1,Item/Item.wz/Install/0301.img.xml,Item/Item.wz/Install/0301.img/03010116/info,Item/Item.wz/Install/0301.img/03010116/info/icon.png,Item/Item.wz/Install/0301.img/03010116/info/iconRaw.png
Install,0301,3011000,Fishing Chair,The perfect chair for fishing.,1,1,3000,,1,Item/Item.wz/Install/0301.img.xml,Item/Item.wz/Install/0301.img/03011000/info,Item/Item.wz/Install/0301.img/03011000/info/icon.png,Item/Item.wz/Install/0301.img/03011000/info/iconRaw.png
Install,0301,3012005,Amorian Loveseat,"A comfortable, stylish seat that only forms when true love exists between two people.  Recovers 45 HP, 45 MP every 10 seconds.",1,1,1,,1,Item/Item.wz/Install/0301.img.xml,Item/Item.wz/Install/0301.img/03012005/info,Item/Item.wz/Install/0301.img/03012005/info/icon.png,Item/Item.wz/Install/0301.img/03012005/info/iconRaw.png
Install,0301,3012010,Half-Heart Chocolate Cake Chair,"Sink yourself into this heavenly cake chair next to someone else who owns it as well, and watch it create a scrumptious effect! Mmm, this chair is so delicious you'll recover 50 HP every 10 seconds.",1,1,1,,1,Item/Item.wz/Install/0301.img.xml,Item/Item.wz/Install/0301.img/03012010/info,Item/Item.wz/Install/0301.img/03012010/info/icon.png,Item/Item.wz/Install/0301.img/03012010/info/iconRaw.png
Install,0301,3012011,Chocolate Fondue Chair,"Yummy! Use this chair next to someone else who's also using it, and a mouth-watering chocolate fondue appears. Smack your lips and dream about treats as you recover 50 HP every 10 seconds. ",1,1,1,,1,Item/Item.wz/Install/0301.img.xml,Item/Item.wz/Install/0301.img/03012011/info,Item/Item.wz/Install/0301.img/03012011/info/icon.png,Item/Item.wz/Install/0301.img/03012011/info/iconRaw.png
Install,0399,3990000,Red No. 1,A red #1 to decorate the tree.,1,1,50,,100,Item/Item.wz/Install/0399.img.xml,Item/Item.wz/Install/0399.img/03990000/info,Item/Item.wz/Install/0399.img/03990000/info/icon.png,Item/Item.wz/Install/0399.img/03990000/info/iconRaw.png
Install,0399,3990001,Red No. 2,A red #2 to decorate the tree.,1,1,50,,100,Item/Item.wz/Install/0399.img.xml,Item/Item.wz/Install/0399.img/03990001/info,Item/Item.wz/Install/0399.img/03990001/info/icon.png,Item/Item.wz/Install/0399.img/03990001/info/iconRaw.png
Install,0399,3990002,Red No. 3,A red #3 to decorate the tree.,1,1,50,,100,Item/Item.wz/Install/0399.img.xml,Item/Item.wz/Install/0399.img/03990002/info,Item/Item.wz/Install/0399.img/03990002/info/icon.png,Item/Item.wz/Install/0399.img/03990002/info/iconRaw.png
Install,0399,3990003,Red No. 4,A red #4 to decorate the tree.,1,1,50,,100,Item/Item.wz/Install/0399.img.xml,Item/Item.wz/Install/0399.img/03990003/info,Item/Item.wz/Install/0399.img/03990003/info/icon.png,Item/Item.wz/Install/0399.img/03990003/info/iconRaw.png
Install,0399,3990004,Red No. 5,A red #5 to decorate the tree.,1,1,50,,100,Item/Item.wz/Install/0399.img.xml,Item/Item.wz/Install/0399.img/03990004/info,Item/Item.wz/Install/0399.img/03990004/info/icon.png,Item/Item.wz/Install/0399.img/03990004/info/iconRaw.png
Install,0399,3990005,Red No. 6,A red #6 to decorate the tree.,1,1,50,,100,Item/Item.wz/Install/0399.img.xml,Item/Item.wz/Install/0399.img/03990005/info,Item/Item.wz/Install/0399.img/03990005/info/icon.png,Item/Item.wz/Install/0399.img/03990005/info/iconRaw.png
Install,0399,3990006,Red No. 7,A red #7 to decorate the tree.,1,1,50,,100,Item/Item.wz/Install/0399.img.xml,Item/Item.wz/Install/0399.img/03990006/info,Item/Item.wz/Install/0399.img/03990006/info/icon.png,Item/Item.wz/Install/0399.img/03990006/info/iconRaw.png
Install,0399,3990007,Red No. 8,A red #8 to decorate the tree.,1,1,50,,100,Item/Item.wz/Install/0399.img.xml,Item/Item.wz/Install/0399.img/03990007/info,Item/Item.wz/Install/0399.img/03990007/info/icon.png,Item/Item.wz/Install/0399.img/03990007/info/iconRaw.png
Install,0399,3990008,Red No. 9,A red #9 to decorate the tree.,1,1,50,,100,Item/Item.wz/Install/0399.img.xml,Item/Item.wz/Install/0399.img/03990008/info,Item/Item.wz/Install/0399.img/03990008/info/icon.png,Item/Item.wz/Install/0399.img/03990008/info/iconRaw.png
Install,0399,3990009,Red No. 0,A red #0 to decorate the tree.,1,1,50,,100,Item/Item.wz/Install/0399.img.xml,Item/Item.wz/Install/0399.img/03990009/info,Item/Item.wz/Install/0399.img/03990009/info/icon.png,Item/Item.wz/Install/0399.img/03990009/info/iconRaw.png
Install,0399,3990010,Green No. 1,A green #1 to decorate the tree.,1,1,50,,100,Item/Item.wz/Install/0399.img.xml,Item/Item.wz/Install/0399.img/03990010/info,Item/Item.wz/Install/0399.img/03990010/info/icon.png,Item/Item.wz/Install/0399.img/03990010/info/iconRaw.png
Install,0399,3990011,Green No. 2,A green #2 to decorate the tree.,1,1,50,,100,Item/Item.wz/Install/0399.img.xml,Item/Item.wz/Install/0399.img/03990011/info,Item/Item.wz/Install/0399.img/03990011/info/icon.png,Item/Item.wz/Install/0399.img/03990011/info/iconRaw.png
Install,0399,3990012,Green No. 3,A green #3 to decorate the tree.,1,1,50,,100,Item/Item.wz/Install/0399.img.xml,Item/Item.wz/Install/0399.img/03990012/info,Item/Item.wz/Install/0399.img/03990012/info/icon.png,Item/Item.wz/Install/0399.img/03990012/info/iconRaw.png
Install,0399,3990013,Green No. 4,A green #4 to decorate the tree.,1,1,50,,100,Item/Item.wz/Install/0399.img.xml,Item/Item.wz/Install/0399.img/03990013/info,Item/Item.wz/Install/0399.img/03990013/info/icon.png,Item/Item.wz/Install/0399.img/03990013/info/iconRaw.png
Install,0399,3990014,Green No. 5,A green #5 to decorate the tree.,1,1,50,,100,Item/Item.wz/Install/0399.img.xml,Item/Item.wz/Install/0399.img/03990014/info,Item/Item.wz/Install/0399.img/03990014/info/icon.png,Item/Item.wz/Install/0399.img/03990014/info/iconRaw.png
Install,0399,3990015,Green No. 6,A green #6 to decorate the tree.,1,1,50,,100,Item/Item.wz/Install/0399.img.xml,Item/Item.wz/Install/0399.img/03990015/info,Item/Item.wz/Install/0399.img/03990015/info/icon.png,Item/Item.wz/Install/0399.img/03990015/info/iconRaw.png
Install,0399,3990016,Green No. 7,A green #7 to decorate the tree.,1,1,50,,100,Item/Item.wz/Install/0399.img.xml,Item/Item.wz/Install/0399.img/03990016/info,Item/Item.wz/Install/0399.img/03990016/info/icon.png,Item/Item.wz/Install/0399.img/03990016/info/iconRaw.png
Install,0399,3990017,Green No. 8,A green #8 to decorate the tree.,1,1,50,,100,Item/Item.wz/Install/0399.img.xml,Item/Item.wz/Install/0399.img/03990017/info,Item/Item.wz/Install/0399.img/03990017/info/icon.png,Item/Item.wz/Install/0399.img/03990017/info/iconRaw.png
Install,0399,3990018,Green No. 9,A green #9 to decorate the tree.,1,1,50,,100,Item/Item.wz/Install/0399.img.xml,Item/Item.wz/Install/0399.img/03990018/info,Item/Item.wz/Install/0399.img/03990018/info/icon.png,Item/Item.wz/Install/0399.img/03990018/info/iconRaw.png
Install,0399,3990019,Green No. 0,A green #0 to decorate the tree.,1,1,50,,100,Item/Item.wz/Install/0399.img.xml,Item/Item.wz/Install/0399.img/03990019/info,Item/Item.wz/Install/0399.img/03990019/info/icon.png,Item/Item.wz/Install/0399.img/03990019/info/iconRaw.png
Install,0399,3990020,"Red "" + ""","A red "" + "" to decorate the tree.",1,1,50,,100,Item/Item.wz/Install/0399.img.xml,Item/Item.wz/Install/0399.img/03990020/info,Item/Item.wz/Install/0399.img/03990020/info/icon.png,Item/Item.wz/Install/0399.img/03990020/info/iconRaw.png
Install,0399,3990021,"Red "" - ""","A red "" - "" to decorate the tree.",1,1,50,,100,Item/Item.wz/Install/0399.img.xml,Item/Item.wz/Install/0399.img/03990021/info,Item/Item.wz/Install/0399.img/03990021/info/icon.png,Item/Item.wz/Install/0399.img/03990021/info/iconRaw.png
Install,0399,3990022,"Green "" + ""","A green "" + "" to decorate the tree.",1,1,50,,100,Item/Item.wz/Install/0399.img.xml,Item/Item.wz/Install/0399.img/03990022/info,Item/Item.wz/Install/0399.img/03990022/info/icon.png,Item/Item.wz/Install/0399.img/03990022/info/iconRaw.png
Install,0399,3990023,"Green "" - ""","A green "" - "" to decorate the tree.",1,1,50,,100,Item/Item.wz/Install/0399.img.xml,Item/Item.wz/Install/0399.img/03990023/info,Item/Item.wz/Install/0399.img/03990023/info/icon.png,Item/Item.wz/Install/0399.img/03990023/info/iconRaw.png
Install,0399,3991000,"Red ""A""","A red ""A"" to decorate the tree.",1,1,50,,100,Item/Item.wz/Install/0399.img.xml,Item/Item.wz/Install/0399.img/03991000/info,Item/Item.wz/Install/0399.img/03991000/info/icon.png,Item/Item.wz/Install/0399.img/03991000/info/iconRaw.png
Install,0399,3991001,"Red ""B""","A red ""B"" to decorate the tree.",1,1,50,,100,Item/Item.wz/Install/0399.img.xml,Item/Item.wz/Install/0399.img/03991001/info,Item/Item.wz/Install/0399.img/03991001/info/icon.png,Item/Item.wz/Install/0399.img/03991001/info/iconRaw.png
Install,0399,3991002,"Red ""C""","A red ""C"" to decorate the tree.",1,1,50,,100,Item/Item.wz/Install/0399.img.xml,Item/Item.wz/Install/0399.img/03991002/info,Item/Item.wz/Install/0399.img/03991002/info/icon.png,Item/Item.wz/Install/0399.img/03991002/info/iconRaw.png
Install,0399,3991003,"Red ""D""","A red ""D"" to decorate the tree.",1,1,50,,100,Item/Item.wz/Install/0399.img.xml,Item/Item.wz/Install/0399.img/03991003/info,Item/Item.wz/Install/0399.img/03991003/info/icon.png,Item/Item.wz/Install/0399.img/03991003/info/iconRaw.png
Install,0399,3991004,"Red ""E""","A red ""E"" to decorate the tree.",1,1,50,,100,Item/Item.wz/Install/0399.img.xml,Item/Item.wz/Install/0399.img/03991004/info,Item/Item.wz/Install/0399.img/03991004/info/icon.png,Item/Item.wz/Install/0399.img/03991004/info/iconRaw.png
Install,0399,3991005,"Red ""F""","A red ""F"" to decorate the tree.",1,1,50,,100,Item/Item.wz/Install/0399.img.xml,Item/Item.wz/Install/0399.img/03991005/info,Item/Item.wz/Install/0399.img/03991005/info/icon.png,Item/Item.wz/Install/0399.img/03991005/info/iconRaw.png
Install,0399,3991006,"Red ""G""","A red ""G"" to decorate the tree.",1,1,50,,100,Item/Item.wz/Install/0399.img.xml,Item/Item.wz/Install/0399.img/03991006/info,Item/Item.wz/Install/0399.img/03991006/info/icon.png,Item/Item.wz/Install/0399.img/03991006/info/iconRaw.png
Install,0399,3991007,"Red ""H""","A red ""H"" to decorate the tree.",1,1,50,,100,Item/Item.wz/Install/0399.img.xml,Item/Item.wz/Install/0399.img/03991007/info,Item/Item.wz/Install/0399.img/03991007/info/icon.png,Item/Item.wz/Install/0399.img/03991007/info/iconRaw.png
Install,0399,3991008,"Red ""I""","A red ""I"" to decorate the tree.",1,1,50,,100,Item/Item.wz/Install/0399.img.xml,Item/Item.wz/Install/0399.img/03991008/info,Item/Item.wz/Install/0399.img/03991008/info/icon.png,Item/Item.wz/Install/0399.img/03991008/info/iconRaw.png
Install,0399,3991009,"Red ""J""","A red ""J"" to decorate the tree.",1,1,50,,100,Item/Item.wz/Install/0399.img.xml,Item/Item.wz/Install/0399.img/03991009/info,Item/Item.wz/Install/0399.img/03991009/info/icon.png,Item/Item.wz/Install/0399.img/03991009/info/iconRaw.png
Install,0399,3991010,"Red ""K""","A red ""K"" to decorate the tree.",1,1,50,,100,Item/Item.wz/Install/0399.img.xml,Item/Item.wz/Install/0399.img/03991010/info,Item/Item.wz/Install/0399.img/03991010/info/icon.png,Item/Item.wz/Install/0399.img/03991010/info/iconRaw.png
Install,0399,3991011,"Red ""L""","A red ""L"" to decorate the tree.",1,1,50,,100,Item/Item.wz/Install/0399.img.xml,Item/Item.wz/Install/0399.img/03991011/info,Item/Item.wz/Install/0399.img/03991011/info/icon.png,Item/Item.wz/Install/0399.img/03991011/info/iconRaw.png
Install,0399,3991012,"Red ""M""","A red ""M"" to decorate the tree.",1,1,50,,100,Item/Item.wz/Install/0399.img.xml,Item/Item.wz/Install/0399.img/03991012/info,Item/Item.wz/Install/0399.img/03991012/info/icon.png,Item/Item.wz/Install/0399.img/03991012/info/iconRaw.png
Install,0399,3991013,"Red ""N""","A red ""N"" to decorate the tree.",1,1,50,,100,Item/Item.wz/Install/0399.img.xml,Item/Item.wz/Install/0399.img/03991013/info,Item/Item.wz/Install/0399.img/03991013/info/icon.png,Item/Item.wz/Install/0399.img/03991013/info/iconRaw.png
Install,0399,3991014,"Red ""O""","A red ""O"" to decorate the tree.",1,1,50,,100,Item/Item.wz/Install/0399.img.xml,Item/Item.wz/Install/0399.img/03991014/info,Item/Item.wz/Install/0399.img/03991014/info/icon.png,Item/Item.wz/Install/0399.img/03991014/info/iconRaw.png
Install,0399,3991015,"Red ""P""","A red ""P"" to decorate the tree.",1,1,50,,100,Item/Item.wz/Install/0399.img.xml,Item/Item.wz/Install/0399.img/03991015/info,Item/Item.wz/Install/0399.img/03991015/info/icon.png,Item/Item.wz/Install/0399.img/03991015/info/iconRaw.png
Install,0399,3991016,"Red ""Q""","A red ""Q"" to decorate the tree.",1,1,50,,100,Item/Item.wz/Install/0399.img.xml,Item/Item.wz/Install/0399.img/03991016/info,Item/Item.wz/Install/0399.img/03991016/info/icon.png,Item/Item.wz/Install/0399.img/03991016/info/iconRaw.png
Install,0399,3991017,"Red ""R""","A red ""R"" to decorate the tree.",1,1,50,,100,Item/Item.wz/Install/0399.img.xml,Item/Item.wz/Install/0399.img/03991017/info,Item/Item.wz/Install/0399.img/03991017/info/icon.png,Item/Item.wz/Install/0399.img/03991017/info/iconRaw.png
Install,0399,3991018,"Red ""S""","A red ""S"" to decorate the tree.",1,1,50,,100,Item/Item.wz/Install/0399.img.xml,Item/Item.wz/Install/0399.img/03991018/info,Item/Item.wz/Install/0399.img/03991018/info/icon.png,Item/Item.wz/Install/0399.img/03991018/info/iconRaw.png
Install,0399,3991019,"Red ""T""","A red ""T"" to decorate the tree.",1,1,50,,100,Item/Item.wz/Install/0399.img.xml,Item/Item.wz/Install/0399.img/03991019/info,Item/Item.wz/Install/0399.img/03991019/info/icon.png,Item/Item.wz/Install/0399.img/03991019/info/iconRaw.png
Install,0399,3991020,"Red ""U""","A red ""U"" to decorate the tree.",1,1,50,,100,Item/Item.wz/Install/0399.img.xml,Item/Item.wz/Install/0399.img/03991020/info,Item/Item.wz/Install/0399.img/03991020/info/icon.png,Item/Item.wz/Install/0399.img/03991020/info/iconRaw.png
Install,0399,3991021,"Red ""V""","A red ""V"" to decorate the tree.",1,1,50,,100,Item/Item.wz/Install/0399.img.xml,Item/Item.wz/Install/0399.img/03991021/info,Item/Item.wz/Install/0399.img/03991021/info/icon.png,Item/Item.wz/Install/0399.img/03991021/info/iconRaw.png
Install,0399,3991022,"Red ""W""","A red ""W"" to decorate the tree.",1,1,50,,100,Item/Item.wz/Install/0399.img.xml,Item/Item.wz/Install/0399.img/03991022/info,Item/Item.wz/Install/0399.img/03991022/info/icon.png,Item/Item.wz/Install/0399.img/03991022/info/iconRaw.png
Install,0399,3991023,"Red ""X""","A red ""X"" to decorate the tree.",1,1,50,,100,Item/Item.wz/Install/0399.img.xml,Item/Item.wz/Install/0399.img/03991023/info,Item/Item.wz/Install/0399.img/03991023/info/icon.png,Item/Item.wz/Install/0399.img/03991023/info/iconRaw.png
Install,0399,3991024,"Red ""Y""","A red ""Y"" to decorate the tree.",1,1,50,,100,Item/Item.wz/Install/0399.img.xml,Item/Item.wz/Install/0399.img/03991024/info,Item/Item.wz/Install/0399.img/03991024/info/icon.png,Item/Item.wz/Install/0399.img/03991024/info/iconRaw.png
Install,0399,3991025,"Red ""Z""","A red ""Z"" to decorate the tree.",1,1,50,,100,Item/Item.wz/Install/0399.img.xml,Item/Item.wz/Install/0399.img/03991025/info,Item/Item.wz/Install/0399.img/03991025/info/icon.png,Item/Item.wz/Install/0399.img/03991025/info/iconRaw.png
Install,0399,3991026,"Green ""A""","A green ""A"" to decorate the tree.",1,1,50,,100,Item/Item.wz/Install/0399.img.xml,Item/Item.wz/Install/0399.img/03991026/info,Item/Item.wz/Install/0399.img/03991026/info/icon.png,Item/Item.wz/Install/0399.img/03991026/info/iconRaw.png
Install,0399,3991027,"Green ""B""","A green ""B"" to decorate the tree.",1,1,50,,100,Item/Item.wz/Install/0399.img.xml,Item/Item.wz/Install/0399.img/03991027/info,Item/Item.wz/Install/0399.img/03991027/info/icon.png,Item/Item.wz/Install/0399.img/03991027/info/iconRaw.png
Install,0399,3991028,"Green ""C""","A green ""C"" to decorate the tree.",1,1,50,,100,Item/Item.wz/Install/0399.img.xml,Item/Item.wz/Install/0399.img/03991028/info,Item/Item.wz/Install/0399.img/03991028/info/icon.png,Item/Item.wz/Install/0399.img/03991028/info/iconRaw.png
Install,0399,3991029,"Green ""D""","A green ""D"" to decorate the tree.",1,1,50,,100,Item/Item.wz/Install/0399.img.xml,Item/Item.wz/Install/0399.img/03991029/info,Item/Item.wz/Install/0399.img/03991029/info/icon.png,Item/Item.wz/Install/0399.img/03991029/info/iconRaw.png
Install,0399,3991030,"Green ""E""","A green ""E"" to decorate the tree.",1,1,50,,100,Item/Item.wz/Install/0399.img.xml,Item/Item.wz/Install/0399.img/03991030/info,Item/Item.wz/Install/0399.img/03991030/info/icon.png,Item/Item.wz/Install/0399.img/03991030/info/iconRaw.png
Install,0399,3991031,"Green ""F""","A green ""F"" to decorate the tree.",1,1,50,,100,Item/Item.wz/Install/0399.img.xml,Item/Item.wz/Install/0399.img/03991031/info,Item/Item.wz/Install/0399.img/03991031/info/icon.png,Item/Item.wz/Install/0399.img/03991031/info/iconRaw.png
Install,0399,3991032,"Green ""G""","A green ""G"" to decorate the tree.",1,1,50,,100,Item/Item.wz/Install/0399.img.xml,Item/Item.wz/Install/0399.img/03991032/info,Item/Item.wz/Install/0399.img/03991032/info/icon.png,Item/Item.wz/Install/0399.img/03991032/info/iconRaw.png
Install,0399,3991033,"Green ""H""","A green ""H"" to decorate the tree.",1,1,50,,100,Item/Item.wz/Install/0399.img.xml,Item/Item.wz/Install/0399.img/03991033/info,Item/Item.wz/Install/0399.img/03991033/info/icon.png,Item/Item.wz/Install/0399.img/03991033/info/iconRaw.png
Install,0399,3991034,"Green ""I""","A green ""I"" to decorate the tree.",1,1,50,,100,Item/Item.wz/Install/0399.img.xml,Item/Item.wz/Install/0399.img/03991034/info,Item/Item.wz/Install/0399.img/03991034/info/icon.png,Item/Item.wz/Install/0399.img/03991034/info/iconRaw.png
Install,0399,3991035,"Green ""J""","A green ""J"" to decorate the tree.",1,1,50,,100,Item/Item.wz/Install/0399.img.xml,Item/Item.wz/Install/0399.img/03991035/info,Item/Item.wz/Install/0399.img/03991035/info/icon.png,Item/Item.wz/Install/0399.img/03991035/info/iconRaw.png
Install,0399,3991036,"Green ""K""","A green ""K"" to decorate the tree.",1,1,50,,100,Item/Item.wz/Install/0399.img.xml,Item/Item.wz/Install/0399.img/03991036/info,Item/Item.wz/Install/0399.img/03991036/info/icon.png,Item/Item.wz/Install/0399.img/03991036/info/iconRaw.png
Install,0399,3991037,"Green ""L""","A green ""L"" to decorate the tree.",1,1,50,,100,Item/Item.wz/Install/0399.img.xml,Item/Item.wz/Install/0399.img/03991037/info,Item/Item.wz/Install/0399.img/03991037/info/icon.png,Item/Item.wz/Install/0399.img/03991037/info/iconRaw.png
Install,0399,3991038,"Green ""M""","A green ""M"" to decorate the tree.",1,1,50,,100,Item/Item.wz/Install/0399.img.xml,Item/Item.wz/Install/0399.img/03991038/info,Item/Item.wz/Install/0399.img/03991038/info/icon.png,Item/Item.wz/Install/0399.img/03991038/info/iconRaw.png
Install,0399,3991039,"Green ""N""","A green ""N"" to decorate the tree.",1,1,50,,100,Item/Item.wz/Install/0399.img.xml,Item/Item.wz/Install/0399.img/03991039/info,Item/Item.wz/Install/0399.img/03991039/info/icon.png,Item/Item.wz/Install/0399.img/03991039/info/iconRaw.png
Install,0399,3991040,"Green ""O""","A green ""O"" to decorate the tree.",1,1,50,,100,Item/Item.wz/Install/0399.img.xml,Item/Item.wz/Install/0399.img/03991040/info,Item/Item.wz/Install/0399.img/03991040/info/icon.png,Item/Item.wz/Install/0399.img/03991040/info/iconRaw.png
Install,0399,3991041,"Green ""P""","A green ""P"" to decorate the tree.",1,1,50,,100,Item/Item.wz/Install/0399.img.xml,Item/Item.wz/Install/0399.img/03991041/info,Item/Item.wz/Install/0399.img/03991041/info/icon.png,Item/Item.wz/Install/0399.img/03991041/info/iconRaw.png
Install,0399,3991042,"Green ""Q""","A green ""Q"" to decorate the tree.",1,1,50,,100,Item/Item.wz/Install/0399.img.xml,Item/Item.wz/Install/0399.img/03991042/info,Item/Item.wz/Install/0399.img/03991042/info/icon.png,Item/Item.wz/Install/0399.img/03991042/info/iconRaw.png
Install,0399,3991043,"Green ""R""","A green ""R"" to decorate the tree.",1,1,50,,100,Item/Item.wz/Install/0399.img.xml,Item/Item.wz/Install/0399.img/03991043/info,Item/Item.wz/Install/0399.img/03991043/info/icon.png,Item/Item.wz/Install/0399.img/03991043/info/iconRaw.png
Install,0399,3991044,"Green ""S""","A green ""S"" to decorate the tree.",1,1,50,,100,Item/Item.wz/Install/0399.img.xml,Item/Item.wz/Install/0399.img/03991044/info,Item/Item.wz/Install/0399.img/03991044/info/icon.png,Item/Item.wz/Install/0399.img/03991044/info/iconRaw.png
Install,0399,3991045,"Green ""T""","A green ""T"" to decorate the tree.",1,1,50,,100,Item/Item.wz/Install/0399.img.xml,Item/Item.wz/Install/0399.img/03991045/info,Item/Item.wz/Install/0399.img/03991045/info/icon.png,Item/Item.wz/Install/0399.img/03991045/info/iconRaw.png
Install,0399,3991046,"Green ""U""","A green ""U"" to decorate the tree.",1,1,50,,100,Item/Item.wz/Install/0399.img.xml,Item/Item.wz/Install/0399.img/03991046/info,Item/Item.wz/Install/0399.img/03991046/info/icon.png,Item/Item.wz/Install/0399.img/03991046/info/iconRaw.png
Install,0399,3991047,"Green ""V""","A green ""V"" to decorate the tree.",1,1,50,,100,Item/Item.wz/Install/0399.img.xml,Item/Item.wz/Install/0399.img/03991047/info,Item/Item.wz/Install/0399.img/03991047/info/icon.png,Item/Item.wz/Install/0399.img/03991047/info/iconRaw.png
Install,0399,3991048,"Green ""W""","A green ""W"" to decorate the tree.",1,1,50,,100,Item/Item.wz/Install/0399.img.xml,Item/Item.wz/Install/0399.img/03991048/info,Item/Item.wz/Install/0399.img/03991048/info/icon.png,Item/Item.wz/Install/0399.img/03991048/info/iconRaw.png
Install,0399,3991049,"Green ""X""","A green ""X"" to decorate the tree.",1,1,50,,100,Item/Item.wz/Install/0399.img.xml,Item/Item.wz/Install/0399.img/03991049/info,Item/Item.wz/Install/0399.img/03991049/info/icon.png,Item/Item.wz/Install/0399.img/03991049/info/iconRaw.png
Install,0399,3991050,"Green ""Y""","A green ""Y"" to decorate the tree.",1,1,50,,100,Item/Item.wz/Install/0399.img.xml,Item/Item.wz/Install/0399.img/03991050/info,Item/Item.wz/Install/0399.img/03991050/info/icon.png,Item/Item.wz/Install/0399.img/03991050/info/iconRaw.png
Install,0399,3991051,"Green ""Z""","A green ""Z"" to decorate the tree.",1,1,50,,100,Item/Item.wz/Install/0399.img.xml,Item/Item.wz/Install/0399.img/03991051/info,Item/Item.wz/Install/0399.img/03991051/info/icon.png,Item/Item.wz/Install/0399.img/03991051/info/iconRaw.png
Install,0399,3992000,Santa Ornament,A santa ornament for the tree.,1,1,75,,100,Item/Item.wz/Install/0399.img.xml,Item/Item.wz/Install/0399.img/03992000/info,Item/Item.wz/Install/0399.img/03992000/info/icon.png,Item/Item.wz/Install/0399.img/03992000/info/iconRaw.png
Install,0399,3992001,Rudolph Ornament,A Rudolph ornament for the tree.,1,1,75,,100,Item/Item.wz/Install/0399.img.xml,Item/Item.wz/Install/0399.img/03992001/info,Item/Item.wz/Install/0399.img/03992001/info/icon.png,Item/Item.wz/Install/0399.img/03992001/info/iconRaw.png
Install,0399,3992002,Mushroom Ornament,A mushroom ornament for the tree.,1,1,75,,100,Item/Item.wz/Install/0399.img.xml,Item/Item.wz/Install/0399.img/03992002/info,Item/Item.wz/Install/0399.img/03992002/info/icon.png,Item/Item.wz/Install/0399.img/03992002/info/iconRaw.png
Install,0399,3992003,Pig Ornament,A pig ornament for the tree.,1,1,75,,100,Item/Item.wz/Install/0399.img.xml,Item/Item.wz/Install/0399.img/03992003/info,Item/Item.wz/Install/0399.img/03992003/info/icon.png,Item/Item.wz/Install/0399.img/03992003/info/iconRaw.png
Install,0399,3992004,Slime Ornament,A slime ornament for the tree.,1,1,75,,100,Item/Item.wz/Install/0399.img.xml,Item/Item.wz/Install/0399.img/03992004/info,Item/Item.wz/Install/0399.img/03992004/info/icon.png,Item/Item.wz/Install/0399.img/03992004/info/iconRaw.png
Install,0399,3992005,Red Gift-Box Ornament,A red gift-box ornament for the tree.,1,1,75,,100,Item/Item.wz/Install/0399.img.xml,Item/Item.wz/Install/0399.img/03992005/info,Item/Item.wz/Install/0399.img/03992005/info/icon.png,Item/Item.wz/Install/0399.img/03992005/info/iconRaw.png
Install,0399,3992006,Blue Gift-Box Ornament,A blue gift-box ornament for the tree.,1,1,75,,100,Item/Item.wz/Install/0399.img.xml,Item/Item.wz/Install/0399.img/03992006/info,Item/Item.wz/Install/0399.img/03992006/info/icon.png,Item/Item.wz/Install/0399.img/03992006/info/iconRaw.png
Install,0399,3992007,Yellow Gift-Box Ornament,A yellow gift-box ornament for the tree.,1,1,75,,100,Item/Item.wz/Install/0399.img.xml,Item/Item.wz/Install/0399.img/03992007/info,Item/Item.wz/Install/0399.img/03992007/info/icon.png,Item/Item.wz/Install/0399.img/03992007/info/iconRaw.png
Install,0399,3992008,Red Star Miniature Bulb,A red star miniature bulb for the tree.,1,1,75,,100,Item/Item.wz/Install/0399.img.xml,Item/Item.wz/Install/0399.img/03992008/info,Item/Item.wz/Install/0399.img/03992008/info/icon.png,Item/Item.wz/Install/0399.img/03992008/info/iconRaw.png
Install,0399,3992009,Blue Star Miniature Bulb,A blue star miniature bulb for the tree.,1,1,75,,100,Item/Item.wz/Install/0399.img.xml,Item/Item.wz/Install/0399.img/03992009/info,Item/Item.wz/Install/0399.img/03992009/info/icon.png,Item/Item.wz/Install/0399.img/03992009/info/iconRaw.png
Install,0399,3992010,Green Star Miniature Bulb,A green star miniature bulb for the tree.,1,1,75,,100,Item/Item.wz/Install/0399.img.xml,Item/Item.wz/Install/0399.img/03992010/info,Item/Item.wz/Install/0399.img/03992010/info/icon.png,Item/Item.wz/Install/0399.img/03992010/info/iconRaw.png
Install,0399,3992011,Pink Star Miniature Bulb,A pink star miniature bulb for the tree.,1,1,75,,100,Item/Item.wz/Install/0399.img.xml,Item/Item.wz/Install/0399.img/03992011/info,Item/Item.wz/Install/0399.img/03992011/info/icon.png,Item/Item.wz/Install/0399.img/03992011/info/iconRaw.png
Install,0399,3992012,Orange Star Miniature Bulb,An orange star miniature bulb for the tree.,1,1,75,,100,Item/Item.wz/Install/0399.img.xml,Item/Item.wz/Install/0399.img/03992012/info,Item/Item.wz/Install/0399.img/03992012/info/icon.png,Item/Item.wz/Install/0399.img/03992012/info/iconRaw.png
Install,0399,3992013,Red Miniature Bulb,A red miniature bulb for the tree.,1,1,75,,100,Item/Item.wz/Install/0399.img.xml,Item/Item.wz/Install/0399.img/03992013/info,Item/Item.wz/Install/0399.img/03992013/info/icon.png,Item/Item.wz/Install/0399.img/03992013/info/iconRaw.png
Install,0399,3992014,Blue Miniature Bulb,A blue miniature bulb for the tree.,1,1,75,,100,Item/Item.wz/Install/0399.img.xml,Item/Item.wz/Install/0399.img/03992014/info,Item/Item.wz/Install/0399.img/03992014/info/icon.png,Item/Item.wz/Install/0399.img/03992014/info/iconRaw.png
Install,0399,3992015,Yellow Miniature Bulb,A yellow miniature bulb for the tree.,1,1,75,,100,Item/Item.wz/Install/0399.img.xml,Item/Item.wz/Install/0399.img/03992015/info,Item/Item.wz/Install/0399.img/03992015/info/icon.png,Item/Item.wz/Install/0399.img/03992015/info/iconRaw.png
Install,0399,3992016,Green Miniature Bulb,A green miniature bulb for the tree.,1,1,75,,100,Item/Item.wz/Install/0399.img.xml,Item/Item.wz/Install/0399.img/03992016/info,Item/Item.wz/Install/0399.img/03992016/info/icon.png,Item/Item.wz/Install/0399.img/03992016/info/iconRaw.png
Install,0399,3992017,Red Ball Ornament,A red ball ornament for the tree.,1,1,75,,100,Item/Item.wz/Install/0399.img.xml,Item/Item.wz/Install/0399.img/03992017/info,Item/Item.wz/Install/0399.img/03992017/info/icon.png,Item/Item.wz/Install/0399.img/03992017/info/iconRaw.png
Install,0399,3992018,Blue Ball Ornament,A blue ball ornament for the tree.,1,1,75,,100,Item/Item.wz/Install/0399.img.xml,Item/Item.wz/Install/0399.img/03992018/info,Item/Item.wz/Install/0399.img/03992018/info/icon.png,Item/Item.wz/Install/0399.img/03992018/info/iconRaw.png
Install,0399,3992019,Yellow Ball Ornament,A yellow ball ornament for the tree.,1,1,75,,100,Item/Item.wz/Install/0399.img.xml,Item/Item.wz/Install/0399.img/03992019/info,Item/Item.wz/Install/0399.img/03992019/info/icon.png,Item/Item.wz/Install/0399.img/03992019/info/iconRaw.png
Install,0399,3992020,Red Sock,A red sock for the tree.,1,1,75,,100,Item/Item.wz/Install/0399.img.xml,Item/Item.wz/Install/0399.img/03992020/info,Item/Item.wz/Install/0399.img/03992020/info/icon.png,Item/Item.wz/Install/0399.img/03992020/info/iconRaw.png
Install,0399,3992021,The gingerbread man,The gingerbread man for the tree.,1,1,75,,100,Item/Item.wz/Install/0399.img.xml,Item/Item.wz/Install/0399.img/03992021/info,Item/Item.wz/Install/0399.img/03992021/info/icon.png,Item/Item.wz/Install/0399.img/03992021/info/iconRaw.png
Install,0399,3992022,The gingerbread woman,The gingerbread lady for the tree.,1,1,75,,100,Item/Item.wz/Install/0399.img.xml,Item/Item.wz/Install/0399.img/03992022/info,Item/Item.wz/Install/0399.img/03992022/info/icon.png,Item/Item.wz/Install/0399.img/03992022/info/iconRaw.png
Install,0399,3992023,Candy Cane,A candy cane for the tree.,1,1,75,,100,Item/Item.wz/Install/0399.img.xml,Item/Item.wz/Install/0399.img/03992023/info,Item/Item.wz/Install/0399.img/03992023/info/icon.png,Item/Item.wz/Install/0399.img/03992023/info/iconRaw.png
Install,0399,3992024,Circular Tree Ornament,A circular ornament for the tree.,1,1,300,,100,Item/Item.wz/Install/0399.img.xml,Item/Item.wz/Install/0399.img/03992024/info,Item/Item.wz/Install/0399.img/03992024/info/icon.png,Item/Item.wz/Install/0399.img/03992024/info/iconRaw.png
Install,0399,3992025,King-sized Star,A king-sized star for the tree.,1,1,300,,100,Item/Item.wz/Install/0399.img.xml,Item/Item.wz/Install/0399.img/03992025/info,Item/Item.wz/Install/0399.img/03992025/info/icon.png,Item/Item.wz/Install/0399.img/03992025/info/iconRaw.png
Install,0399,3992026,Christmas wreath,A christmas wreath for the tree.,1,1,300,,100,Item/Item.wz/Install/0399.img.xml,Item/Item.wz/Install/0399.img/03992026/info,Item/Item.wz/Install/0399.img/03992026/info/icon.png,Item/Item.wz/Install/0399.img/03992026/info/iconRaw.png
Install,0399,3992027,Red Candle,A red candle for the tree.,1,1,75,,100,Item/Item.wz/Install/0399.img.xml,Item/Item.wz/Install/0399.img/03992027/info,Item/Item.wz/Install/0399.img/03992027/info/icon.png,Item/Item.wz/Install/0399.img/03992027/info/iconRaw.png
Install,0399,3992028,Blue Candle,A blue candle for the tree.,1,1,75,,100,Item/Item.wz/Install/0399.img.xml,Item/Item.wz/Install/0399.img/03992028/info,Item/Item.wz/Install/0399.img/03992028/info/icon.png,Item/Item.wz/Install/0399.img/03992028/info/iconRaw.png
Install,0399,3992029,Yellow Candle,A yellow candle for the tree.,1,1,75,,100,Item/Item.wz/Install/0399.img.xml,Item/Item.wz/Install/0399.img/03992029/info,Item/Item.wz/Install/0399.img/03992029/info/icon.png,Item/Item.wz/Install/0399.img/03992029/info/iconRaw.png
Install,0399,3992030,Red Candy Canes,Red candy canes for the tree.,1,1,75,,100,Item/Item.wz/Install/0399.img.xml,Item/Item.wz/Install/0399.img/03992030/info,Item/Item.wz/Install/0399.img/03992030/info/icon.png,Item/Item.wz/Install/0399.img/03992030/info/iconRaw.png
Install,0399,3992031,Blue Candy Canes,Blue candy canes for the tree.,1,1,75,,100,Item/Item.wz/Install/0399.img.xml,Item/Item.wz/Install/0399.img/03992031/info,Item/Item.wz/Install/0399.img/03992031/info/icon.png,Item/Item.wz/Install/0399.img/03992031/info/iconRaw.png
Install,0399,3992032,Yellow Candy Canes,Yellow candy canes for the tree.,1,1,75,,100,Item/Item.wz/Install/0399.img.xml,Item/Item.wz/Install/0399.img/03992032/info,Item/Item.wz/Install/0399.img/03992032/info/icon.png,Item/Item.wz/Install/0399.img/03992032/info/iconRaw.png
Install,0399,3992033,Red Fruit Leaves,Red fruit leaves for the tree.,1,1,75,,100,Item/Item.wz/Install/0399.img.xml,Item/Item.wz/Install/0399.img/03992033/info,Item/Item.wz/Install/0399.img/03992033/info/icon.png,Item/Item.wz/Install/0399.img/03992033/info/iconRaw.png
Install,0399,3992034,Yellow Fruit Leaves,Yellow fruit leaves for the tree.,1,1,75,,100,Item/Item.wz/Install/0399.img.xml,Item/Item.wz/Install/0399.img/03992034/info,Item/Item.wz/Install/0399.img/03992034/info/icon.png,Item/Item.wz/Install/0399.img/03992034/info/iconRaw.png
Install,0399,3992035,Red-Ribboned Giftbox,A red-ribboned giftbox for the tree.,1,1,75,,100,Item/Item.wz/Install/0399.img.xml,Item/Item.wz/Install/0399.img/03992035/info,Item/Item.wz/Install/0399.img/03992035/info/icon.png,Item/Item.wz/Install/0399.img/03992035/info/iconRaw.png
Install,0399,3992036,Blue-Ribboned Giftbox,A blue-ribboned giftbox for the tree.,1,1,75,,100,Item/Item.wz/Install/0399.img.xml,Item/Item.wz/Install/0399.img/03992036/info,Item/Item.wz/Install/0399.img/03992036/info/icon.png,Item/Item.wz/Install/0399.img/03992036/info/iconRaw.png
Install,0399,3992037,Yellow-Ribboned Giftbox,A yellow-ribboned giftbox for the tree.,1,1,75,,100,Item/Item.wz/Install/0399.img.xml,Item/Item.wz/Install/0399.img/03992037/info,Item/Item.wz/Install/0399.img/03992037/info/icon.png,Item/Item.wz/Install/0399.img/03992037/info/iconRaw.png
Install,0399,3992038,Ruldolph Santa Boots,A Rudolph Santa Boots for the tree.,1,1,75,,100,Item/Item.wz/Install/0399.img.xml,Item/Item.wz/Install/0399.img/03992038/info,Item/Item.wz/Install/0399.img/03992038/info/icon.png,Item/Item.wz/Install/0399.img/03992038/info/iconRaw.png
Install,0399,3992039,Marker of Heroism,A small figurine embedded with a gem that emanates heroism.  This item allows you to activate and use the Heroic Statues in the Valley of Heroes.,1,1,100,,1,Item/Item.wz/Install/0399.img.xml,Item/Item.wz/Install/0399.img/03992039/info,Item/Item.wz/Install/0399.img/03992039/info/icon.png,Item/Item.wz/Install/0399.img/03992039/info/iconRaw.png
Install,0399,3992040,Map of Phantom Forest,"This map marks the hidden paths of Phantom Forest, which  are now open to you.",1,1,100,,1,Item/Item.wz/Install/0399.img.xml,Item/Item.wz/Install/0399.img/03992040/info,Item/Item.wz/Install/0399.img/03992040/info/icon.png,Item/Item.wz/Install/0399.img/03992040/info/iconRaw.png
Install,0399,3992041,Crimsonwood Keystone,A magical stone that unlocks the gates to the Inner Sanctum of Crimsonwood Keep. ,1,1,100,,1,Item/Item.wz/Install/0399.img.xml,Item/Item.wz/Install/0399.img/03992041/info,Item/Item.wz/Install/0399.img/03992041/info/icon.png,Item/Item.wz/Install/0399.img/03992041/info/iconRaw.png
Install,0399,3993000,Lucky Dish,A pair of luck dish out of bamboos. Common in Korean culture,1,1,200,,1,Item/Item.wz/Install/0399.img.xml,Item/Item.wz/Install/0399.img/03993000/info,Item/Item.wz/Install/0399.img/03993000/info/icon.png,Item/Item.wz/Install/0399.img/03993000/info/iconRaw.png
Install,0399,3993001,Luck Sack,A red luck sack common in Korean culture.,1,1,200,,100,Item/Item.wz/Install/0399.img.xml,Item/Item.wz/Install/0399.img/03993001/info,Item/Item.wz/Install/0399.img/03993001/info/icon.png,Item/Item.wz/Install/0399.img/03993001/info/iconRaw.png
Install,0399,3993002,Bamboo Luck Sack,A pair of luck sack made of bamboo.,1,1,200,,1,Item/Item.wz/Install/0399.img.xml,Item/Item.wz/Install/0399.img/03993002/info,Item/Item.wz/Install/0399.img/03993002/info/icon.png,Item/Item.wz/Install/0399.img/03993002/info/iconRaw.png
Install,0399,3993003,Red Luck Sack,A red luck sack with 'luck' written on it.,1,1,200,,1,Item/Item.wz/Install/0399.img.xml,Item/Item.wz/Install/0399.img/03993003/info,Item/Item.wz/Install/0399.img/03993003/info/icon.png,Item/Item.wz/Install/0399.img/03993003/info/iconRaw.png
Install,0399,3994000,"Alphabet Soup Pasta ""A""","An alphabet ""A"" made out of pasta. Gather up other alphabets, and bring them all to the Maple Administrator.",1,1,100,,1,Item/Item.wz/Install/0399.img.xml,Item/Item.wz/Install/0399.img/03994000/info,Item/Item.wz/Install/0399.img/03994000/info/icon.png,Item/Item.wz/Install/0399.img/03994000/info/iconRaw.png
Install,0399,3994001,"Alphabet Soup Pasta ""E""","An alphabet ""E"" made out of pasta. Gather up other alphabets, and bring them all to the Maple Administrator.",1,1,100,,1,Item/Item.wz/Install/0399.img.xml,Item/Item.wz/Install/0399.img/03994001/info,Item/Item.wz/Install/0399.img/03994001/info/icon.png,Item/Item.wz/Install/0399.img/03994001/info/iconRaw.png
Install,0399,3994002,"Alphabet Soup Pasta ""I""","An alphabet ""I"" made out of pasta. Gather up other alphabets, and bring them all to the Maple Administrator.",1,1,100,,1,Item/Item.wz/Install/0399.img.xml,Item/Item.wz/Install/0399.img/03994002/info,Item/Item.wz/Install/0399.img/03994002/info/icon.png,Item/Item.wz/Install/0399.img/03994002/info/iconRaw.png
Install,0399,3994003,"Alphabet Soup Pasta ""L""","An alphabet ""L"" made out of pasta. Gather up other alphabets, and bring them all to the Maple Administrator.",1,1,100,,1,Item/Item.wz/Install/0399.img.xml,Item/Item.wz/Install/0399.img/03994003/info,Item/Item.wz/Install/0399.img/03994003/info/icon.png,Item/Item.wz/Install/0399.img/03994003/info/iconRaw.png
Install,0399,3994004,"Alphabet Soup Pasta ""N""","An alphabet ""N"" made out of pasta. Gather up other alphabets, and bring them all to the Maple Administrator.",1,1,100,,1,Item/Item.wz/Install/0399.img.xml,Item/Item.wz/Install/0399.img/03994004/info,Item/Item.wz/Install/0399.img/03994004/info/icon.png,Item/Item.wz/Install/0399.img/03994004/info/iconRaw.png
Install,0399,3994005,"Alphabet Soup Pasta ""O""","An alphabet ""O"" made out of pasta. Gather up other alphabets, and bring them all to the Maple Administrator.",1,1,100,,1,Item/Item.wz/Install/0399.img.xml,Item/Item.wz/Install/0399.img/03994005/info,Item/Item.wz/Install/0399.img/03994005/info/icon.png,Item/Item.wz/Install/0399.img/03994005/info/iconRaw.png
Install,0399,3994006,"Alphabet Soup Pasta ""P""","An alphabet ""P"" made out of pasta. Gather up other alphabets, and bring them all to the Maple Administrator.",1,1,100,,1,Item/Item.wz/Install/0399.img.xml,Item/Item.wz/Install/0399.img/03994006/info,Item/Item.wz/Install/0399.img/03994006/info/icon.png,Item/Item.wz/Install/0399.img/03994006/info/iconRaw.png
Install,0399,3994007,"Alphabet Soup Pasta ""R""","An alphabet ""R"" made out of pasta. Gather up other alphabets, and bring them all to the Maple Administrator.",1,1,100,,1,Item/Item.wz/Install/0399.img.xml,Item/Item.wz/Install/0399.img/03994007/info,Item/Item.wz/Install/0399.img/03994007/info/icon.png,Item/Item.wz/Install/0399.img/03994007/info/iconRaw.png
Install,0399,3994008,"Alphabet Soup Pasta ""T""","An alphabet ""T"" made out of pasta. Gather up other alphabets, and bring them all to the Maple Administrator.",1,1,100,,1,Item/Item.wz/Install/0399.img.xml,Item/Item.wz/Install/0399.img/03994008/info,Item/Item.wz/Install/0399.img/03994008/info/icon.png,Item/Item.wz/Install/0399.img/03994008/info/iconRaw.png
Install,0399,3994009,"Alphabet Soup Pasta ""X""","An alphabet ""X"" made out of pasta. Gather up other alphabets, and bring them all to the Maple Administrator.",1,1,100,,1,Item/Item.wz/Install/0399.img.xml,Item/Item.wz/Install/0399.img/03994009/info,Item/Item.wz/Install/0399.img/03994009/info/icon.png,Item/Item.wz/Install/0399.img/03994009/info/iconRaw.png
Install,0399,3994010,"Alphabet Soup Pasta ""Y""","An alphabet ""Y"" made out of pasta. Gather up other alphabets, and bring them all to the Maple Administrator.",1,1,100,,1,Item/Item.wz/Install/0399.img.xml,Item/Item.wz/Install/0399.img/03994010/info,Item/Item.wz/Install/0399.img/03994010/info/icon.png,Item/Item.wz/Install/0399.img/03994010/info/iconRaw.png
Install,0399,3994011,"Alphabet Soup Pasta ""Z""","An alphabet ""Z"" made out of pasta. Gather up other alphabets, and bring them all to the GM to...",1,1,100,,1,Item/Item.wz/Install/0399.img.xml,Item/Item.wz/Install/0399.img/03994011/info,Item/Item.wz/Install/0399.img/03994011/info/icon.png,Item/Item.wz/Install/0399.img/03994011/info/iconRaw.png
Install,0399,3994012,"Special ""M""","A special alphabet ""M"". Gather up other alphabets, and bring them all to the Maple Administrator.",1,1,500,,1,Item/Item.wz/Install/0399.img.xml,Item/Item.wz/Install/0399.img/03994012/info,Item/Item.wz/Install/0399.img/03994012/info/icon.png,Item/Item.wz/Install/0399.img/03994012/info/iconRaw.png
Install,0399,3994013,"Special ""S""","A special alphabet ""S"". Gather up other alphabets, and bring them all to the Maple Administrator.",1,1,500,,1,Item/Item.wz/Install/0399.img.xml,Item/Item.wz/Install/0399.img/03994013/info,Item/Item.wz/Install/0399.img/03994013/info/icon.png,Item/Item.wz/Install/0399.img/03994013/info/iconRaw.png
Install,0399,3994014,"Special ""W""","A special alphabet ""W"". Gather up other alphabets, and bring them all to the GM to...",1,1,500,,1,Item/Item.wz/Install/0399.img.xml,Item/Item.wz/Install/0399.img/03994014/info,Item/Item.wz/Install/0399.img/03994014/info/icon.png,Item/Item.wz/Install/0399.img/03994014/info/iconRaw.png
Install,0399,3994015,Wooden Alphabet C,,1,1,500,,1,Item/Item.wz/Install/0399.img.xml,Item/Item.wz/Install/0399.img/03994015/info,Item/Item.wz/Install/0399.img/03994015/info/icon.png,Item/Item.wz/Install/0399.img/03994015/info/iconRaw.png
Install,0399,3994017,Alphabet A,An alphabet A. Collect other alphabets and hand them to Maple Administrator to...,1,1,100,,1,Item/Item.wz/Install/0399.img.xml,Item/Item.wz/Install/0399.img/03994017/info,Item/Item.wz/Install/0399.img/03994017/info/icon.png,Item/Item.wz/Install/0399.img/03994017/info/iconRaw.png
Install,0399,3994018,Alphabet E,An alphabet E. Collect other alphabets and hand them to Maple Administrator to...,1,1,100,,1,Item/Item.wz/Install/0399.img.xml,Item/Item.wz/Install/0399.img/03994018/info,Item/Item.wz/Install/0399.img/03994018/info/icon.png,Item/Item.wz/Install/0399.img/03994018/info/iconRaw.png
Install,0399,3994019,Alphabet H,An alphabet H. Collect other alphabets and hand them to Maple Administrator to...,1,1,100,,1,Item/Item.wz/Install/0399.img.xml,Item/Item.wz/Install/0399.img/03994019/info,Item/Item.wz/Install/0399.img/03994019/info/icon.png,Item/Item.wz/Install/0399.img/03994019/info/iconRaw.png
Install,0399,3994020,Alphabet N,An alphabet N. Collect other alphabets and hand them to Maple Administrator to...,1,1,100,,1,Item/Item.wz/Install/0399.img.xml,Item/Item.wz/Install/0399.img/03994020/info,Item/Item.wz/Install/0399.img/03994020/info/icon.png,Item/Item.wz/Install/0399.img/03994020/info/iconRaw.png
Install,0399,3994021,Alphabet P,An alphabet P. Collect other alphabets and hand them to Maple Administrator to...,1,1,100,,1,Item/Item.wz/Install/0399.img.xml,Item/Item.wz/Install/0399.img/03994021/info,Item/Item.wz/Install/0399.img/03994021/info/icon.png,Item/Item.wz/Install/0399.img/03994021/info/iconRaw.png
Install,0399,3994022,Alphabet R,An alphabet R. Collect other alphabets and hand them to Maple Administrator to...,1,1,100,,1,Item/Item.wz/Install/0399.img.xml,Item/Item.wz/Install/0399.img/03994022/info,Item/Item.wz/Install/0399.img/03994022/info/icon.png,Item/Item.wz/Install/0399.img/03994022/info/iconRaw.png
Install,0399,3994023,Alphabet W,An alphabet W. Collect other alphabets and hand them to Maple Administrator to...,1,1,100,,1,Item/Item.wz/Install/0399.img.xml,Item/Item.wz/Install/0399.img/03994023/info,Item/Item.wz/Install/0399.img/03994023/info/icon.png,Item/Item.wz/Install/0399.img/03994023/info/iconRaw.png
Install,0399,3994024,Alphabet Y,An alphabet Y. Collect other alphabets and hand them to Maple Administrator to...,1,1,100,,1,Item/Item.wz/Install/0399.img.xml,Item/Item.wz/Install/0399.img/03994024/info,Item/Item.wz/Install/0399.img/03994024/info/icon.png,Item/Item.wz/Install/0399.img/03994024/info/iconRaw.png
Install,0399,3994085,Admin's Candle,A small candle from the Admin. This candle will turn itself off when the game is ended.,1,1,1,,1,Item/Item.wz/Install/0399.img.xml,Item/Item.wz/Install/0399.img/03994085/info,Item/Item.wz/Install/0399.img/03994085/info/icon.png,Item/Item.wz/Install/0399.img/03994085/info/iconRaw.png
Install,0399,3994086,Birthday Cake Candle,A candle used on the birthday cake for the 4th anniversary of Maplestory. The flame will be blown out when the player exits the game and lit again upon returning to the game.,1,1,1,,1,Item/Item.wz/Install/0399.img.xml,Item/Item.wz/Install/0399.img/03994086/info,Item/Item.wz/Install/0399.img/03994086/info/icon.png,Item/Item.wz/Install/0399.img/03994086/info/iconRaw.png
Install,0399,3994089,Agent W's Memory Chip,"A memory chip Agent W left with me.  Information regarding 'Master M' is said to be contained in it.  If I don't enter the secret code every hour, it will self-destruct.",1,1,1,,1,Item/Item.wz/Install/0399.img.xml,Item/Item.wz/Install/0399.img/03994089/info,Item/Item.wz/Install/0399.img/03994089/info/icon.png,Item/Item.wz/Install/0399.img/03994089/info/iconRaw.png
Install,0399,3994090,Spices,Mr. Oh sells these rare spices at the Maple 7th Day Market. You can sell them to Abdula for a profit. ,1,1,,,1,Item/Item.wz/Install/0399.img.xml,Item/Item.wz/Install/0399.img/03994090/info,Item/Item.wz/Install/0399.img/03994090/info/icon.png,Item/Item.wz/Install/0399.img/03994090/info/iconRaw.png
Install,0399,3994091,Memorabilia from Thailand,You can find these memorabilia from Thailand at the Maple 7th Day Market. You can sell them to Abdula for a profit. ,1,1,,,1,Item/Item.wz/Install/0399.img.xml,Item/Item.wz/Install/0399.img/03994091/info,Item/Item.wz/Install/0399.img/03994091/info/icon.png,Item/Item.wz/Install/0399.img/03994091/info/iconRaw.png
Install,0399,3994092,Unagi,Lena sells delicious unagi at the Maple  7th Day Market. You can sell it to Abdula for a profit. ,1,1,,,1,Item/Item.wz/Install/0399.img.xml,Item/Item.wz/Install/0399.img/03994092/info,Item/Item.wz/Install/0399.img/03994092/info/icon.png,Item/Item.wz/Install/0399.img/03994092/info/iconRaw.png
Install,0399,3994093,Taxidermy Shark,"This taxydermy shark, handmade by Tae Gong himself, can be found at the Maple 7th Day Market. You can sell it to Abdula for a profit. ",1,1,,,1,Item/Item.wz/Install/0399.img.xml,Item/Item.wz/Install/0399.img/03994093/info,Item/Item.wz/Install/0399.img/03994093/info/icon.png,Item/Item.wz/Install/0399.img/03994093/info/iconRaw.png
Install,0399,3994094,Crow-feather Hat,Hanako sells this exquisite at the Maple 7th Day Market. You can sell it to Abdula for a profit. ,1,1,,,1,Item/Item.wz/Install/0399.img.xml,Item/Item.wz/Install/0399.img/03994094/info,Item/Item.wz/Install/0399.img/03994094/info/icon.png,Item/Item.wz/Install/0399.img/03994094/info/iconRaw.png
Install,0399,3994096,숫자1,숫자1이다.,1,1,1,,1,Item/Item.wz/Install/0399.img.xml,Item/Item.wz/Install/0399.img/03994096/info,Item/Item.wz/Install/0399.img/03994096/info/icon.png,Item/Item.wz/Install/0399.img/03994096/info/iconRaw.png
Install,0399,3994097,숫자2,숫자2이다.,1,1,1,,1,Item/Item.wz/Install/0399.img.xml,Item/Item.wz/Install/0399.img/03994097/info,Item/Item.wz/Install/0399.img/03994097/info/icon.png,Item/Item.wz/Install/0399.img/03994097/info/iconRaw.png
Install,0399,3994098,숫자3,숫자3이다.,1,1,1,,1,Item/Item.wz/Install/0399.img.xml,Item/Item.wz/Install/0399.img/03994098/info,Item/Item.wz/Install/0399.img/03994098/info/icon.png,Item/Item.wz/Install/0399.img/03994098/info/iconRaw.png
Install,0399,3994099,숫자4,숫자4이다.,1,1,1,,1,Item/Item.wz/Install/0399.img.xml,Item/Item.wz/Install/0399.img/03994099/info,Item/Item.wz/Install/0399.img/03994099/info/icon.png,Item/Item.wz/Install/0399.img/03994099/info/iconRaw.png
Install,0399,3994100,숫자5,숫자5이다.,1,1,1,,1,Item/Item.wz/Install/0399.img.xml,Item/Item.wz/Install/0399.img/03994100/info,Item/Item.wz/Install/0399.img/03994100/info/icon.png,Item/Item.wz/Install/0399.img/03994100/info/iconRaw.png
Install,0399,3994101,Cassandra's Giant Star  ,"A Giant Star that Cassandra made for you. If you hold it during the Starlight Festival, you can receive 1 Star Stamp every hour. \n#cDisappears when you log out of the game.",1,1,1,,1,Item/Item.wz/Install/0399.img.xml,Item/Item.wz/Install/0399.img/03994101/info,Item/Item.wz/Install/0399.img/03994101/info/icon.png,Item/Item.wz/Install/0399.img/03994101/info/iconRaw.png
Install,0399,3994102,Letter N for Compass,A Letter N that looks like it would fit perfectly on the Empty Compass.,1,1,1,,100,Item/Item.wz/Install/0399.img.xml,Item/Item.wz/Install/0399.img/03994102/info,Item/Item.wz/Install/0399.img/03994102/info/icon.png,Item/Item.wz/Install/0399.img/03994102/info/iconRaw.png
Install,0399,3994103,Letter E for Compass  ,A Letter E that looks like it would fit perfectly on the Empty Compass.,1,1,1,,100,Item/Item.wz/Install/0399.img.xml,Item/Item.wz/Install/0399.img/03994103/info,Item/Item.wz/Install/0399.img/03994103/info/icon.png,Item/Item.wz/Install/0399.img/03994103/info/iconRaw.png
Install,0399,3994104,Letter W for Compass ,A Letter W that looks like it would fit perfectly on the Empty Compass.,1,1,1,,100,Item/Item.wz/Install/0399.img.xml,Item/Item.wz/Install/0399.img/03994104/info,Item/Item.wz/Install/0399.img/03994104/info/icon.png,Item/Item.wz/Install/0399.img/03994104/info/iconRaw.png
Install,0399,3994105,Letter S for Compass ,A Letter S that looks like it would fit perfectly on the Empty Compass.,1,1,1,,100,Item/Item.wz/Install/0399.img.xml,Item/Item.wz/Install/0399.img/03994105/info,Item/Item.wz/Install/0399.img/03994105/info/icon.png,Item/Item.wz/Install/0399.img/03994105/info/iconRaw.png
Install,0399,3994106,6th Anniversary Maple Leaf of Journey ,A Maple Leaf that signifies Maple Story's 6 year journey. Something good will happen if you hold onto it for 1 hour.,1,1,1,,1,Item/Item.wz/Install/0399.img.xml,Item/Item.wz/Install/0399.img/03994106/info,Item/Item.wz/Install/0399.img/03994106/info/icon.png,Item/Item.wz/Install/0399.img/03994106/info/iconRaw.png
Install,0399,3994115,Easy Mode ,Easy Mode,1,1,1,,1,Item/Item.wz/Install/0399.img.xml,Item/Item.wz/Install/0399.img/03994115/info,Item/Item.wz/Install/0399.img/03994115/info/icon.png,Item/Item.wz/Install/0399.img/03994115/info/iconRaw.png
Install,0399,3994116,Normal Mode ,Normal Mode ,1,1,1,,1,Item/Item.wz/Install/0399.img.xml,Item/Item.wz/Install/0399.img/03994116/info,Item/Item.wz/Install/0399.img/03994116/info/icon.png,Item/Item.wz/Install/0399.img/03994116/info/iconRaw.png
Install,0399,3994117,Hard Mode,Hard Mode,1,1,1,,1,Item/Item.wz/Install/0399.img.xml,Item/Item.wz/Install/0399.img/03994117/info,Item/Item.wz/Install/0399.img/03994117/info/icon.png,Item/Item.wz/Install/0399.img/03994117/info/iconRaw.png
Install,0399,3994118,Hell Mode  ,Hell Mode ,1,1,1,,1,Item/Item.wz/Install/0399.img.xml,Item/Item.wz/Install/0399.img/03994118/info,Item/Item.wz/Install/0399.img/03994118/info/icon.png,Item/Item.wz/Install/0399.img/03994118/info/iconRaw.png
Install,0399,3994119,,,1,1,1,,1,Item/Item.wz/Install/0399.img.xml,Item/Item.wz/Install/0399.img/03994119/info,Item/Item.wz/Install/0399.img/03994119/info/icon.png,Item/Item.wz/Install/0399.img/03994119/info/iconRaw.png
Install,0399,3994120,Unknown,An unknown being that has yet to be explained.,1,1,1,,1,Item/Item.wz/Install/0399.img.xml,Item/Item.wz/Install/0399.img/03994120/info,Item/Item.wz/Install/0399.img/03994120/info/icon.png,Item/Item.wz/Install/0399.img/03994120/info/iconRaw.png
Install,0399,3994121,Agent M,An Agent. ,1,1,1,,1,Item/Item.wz/Install/0399.img.xml,Item/Item.wz/Install/0399.img/03994121/info,Item/Item.wz/Install/0399.img/03994121/info/icon.png,Item/Item.wz/Install/0399.img/03994121/info/iconRaw.png
Install,0399,3994122,Agent C,An Agent. ,1,1,1,,1,Item/Item.wz/Install/0399.img.xml,Item/Item.wz/Install/0399.img/03994122/info,Item/Item.wz/Install/0399.img/03994122/info/icon.png,Item/Item.wz/Install/0399.img/03994122/info/iconRaw.png
Install,0399,3994123,Agent E,An Agent. ,1,1,1,,1,Item/Item.wz/Install/0399.img.xml,Item/Item.wz/Install/0399.img/03994123/info,Item/Item.wz/Install/0399.img/03994123/info/icon.png,Item/Item.wz/Install/0399.img/03994123/info/iconRaw.png
Install,0399,3994124,Agent S,An Agent. ,1,1,1,,1,Item/Item.wz/Install/0399.img.xml,Item/Item.wz/Install/0399.img/03994124/info,Item/Item.wz/Install/0399.img/03994124/info/icon.png,Item/Item.wz/Install/0399.img/03994124/info/iconRaw.png
Install,0399,3994125,Agent O,An Agent. ,1,1,1,,1,Item/Item.wz/Install/0399.img.xml,Item/Item.wz/Install/0399.img/03994125/info,Item/Item.wz/Install/0399.img/03994125/info/icon.png,Item/Item.wz/Install/0399.img/03994125/info/iconRaw.png
Install,0399,3994126,Aran Memory Fragments,The Arans are reviving.,1,1,1,,1,Item/Item.wz/Install/0399.img.xml,Item/Item.wz/Install/0399.img/03994126/info,Item/Item.wz/Install/0399.img/03994126/info/icon.png,Item/Item.wz/Install/0399.img/03994126/info/iconRaw.png
Install,0399,3994127,Aran Memory Fragments,The Arans are reviving.,1,1,1,,1,Item/Item.wz/Install/0399.img.xml,Item/Item.wz/Install/0399.img/03994127/info,Item/Item.wz/Install/0399.img/03994127/info/icon.png,Item/Item.wz/Install/0399.img/03994127/info/iconRaw.png
Install,0399,3994128,Aran Memory Fragments,The Arans are reviving.,1,1,1,,1,Item/Item.wz/Install/0399.img.xml,Item/Item.wz/Install/0399.img/03994128/info,Item/Item.wz/Install/0399.img/03994128/info/icon.png,Item/Item.wz/Install/0399.img/03994128/info/iconRaw.png
Install,0399,3994129,Aran Memory Fragments,The Arans are reviving.,1,1,1,,1,Item/Item.wz/Install/0399.img.xml,Item/Item.wz/Install/0399.img/03994129/info,Item/Item.wz/Install/0399.img/03994129/info/icon.png,Item/Item.wz/Install/0399.img/03994129/info/iconRaw.png
Install,0399,3994130,Aran Memory Fragments,The Arans are reviving.,1,1,1,,1,Item/Item.wz/Install/0399.img.xml,Item/Item.wz/Install/0399.img/03994130/info,Item/Item.wz/Install/0399.img/03994130/info/icon.png,Item/Item.wz/Install/0399.img/03994130/info/iconRaw.png
Install,0399,3994131,Aran Memory Fragments,The Arans are reviving.,1,1,1,,1,Item/Item.wz/Install/0399.img.xml,Item/Item.wz/Install/0399.img/03994131/info,Item/Item.wz/Install/0399.img/03994131/info/icon.png,Item/Item.wz/Install/0399.img/03994131/info/iconRaw.png
Install,0399,3994132,Aran Memory Fragments,The Arans are reviving.,1,1,1,,1,Item/Item.wz/Install/0399.img.xml,Item/Item.wz/Install/0399.img/03994132/info,Item/Item.wz/Install/0399.img/03994132/info/icon.png,Item/Item.wz/Install/0399.img/03994132/info/iconRaw.png
Install,0399,3994133,Aran Memory Fragments,The Arans are reviving.,1,1,1,,1,Item/Item.wz/Install/0399.img.xml,Item/Item.wz/Install/0399.img/03994133/info,Item/Item.wz/Install/0399.img/03994133/info/icon.png,Item/Item.wz/Install/0399.img/03994133/info/iconRaw.png
Install,0399,3994134,Aran Memory Fragments,The Arans are reviving.,1,1,1,,1,Item/Item.wz/Install/0399.img.xml,Item/Item.wz/Install/0399.img/03994134/info,Item/Item.wz/Install/0399.img/03994134/info/icon.png,Item/Item.wz/Install/0399.img/03994134/info/iconRaw.png
Install,0399,3994135,Aran Memory Fragments,The Arans are reviving.,1,1,1,,1,Item/Item.wz/Install/0399.img.xml,Item/Item.wz/Install/0399.img/03994135/info,Item/Item.wz/Install/0399.img/03994135/info/icon.png,Item/Item.wz/Install/0399.img/03994135/info/iconRaw.png
Install,0399,3994136,Aran Memory Fragments,The Arans are reviving.,1,1,1,,1,Item/Item.wz/Install/0399.img.xml,Item/Item.wz/Install/0399.img/03994136/info,Item/Item.wz/Install/0399.img/03994136/info/icon.png,Item/Item.wz/Install/0399.img/03994136/info/iconRaw.png
Install,0399,3994137,Aran Memory Fragments,The Arans are reviving.,1,1,1,,1,Item/Item.wz/Install/0399.img.xml,Item/Item.wz/Install/0399.img/03994137/info,Item/Item.wz/Install/0399.img/03994137/info/icon.png,Item/Item.wz/Install/0399.img/03994137/info/iconRaw.png
Install,0399,3994138,Ice Crystal,"A solid ice crystal that contains Maha Charm. Hold onto it for one hour and the crystal will melt, enabling you to acquire the Charm.",1,1,1,,1,Item/Item.wz/Install/0399.img.xml,Item/Item.wz/Install/0399.img/03994138/info,Item/Item.wz/Install/0399.img/03994138/info/icon.png,Item/Item.wz/Install/0399.img/03994138/info/iconRaw.png
Install,0399,3994139,Maha Charm,"A charm that contains protection from Maha, the spirit of Polearm. Take this to Cassandra for a chance to answer questions and receive prizes.",1,1,1,,1,Item/Item.wz/Install/0399.img.xml,Item/Item.wz/Install/0399.img/03994139/info,Item/Item.wz/Install/0399.img/03994139/info/icon.png,Item/Item.wz/Install/0399.img/03994139/info/iconRaw.png
Install,0399,3994141,Cassandra's Candle,A small candle given by Cassandra. This candle will turn off automatically when the game ends.,1,1,1,,1,Item/Item.wz/Install/0399.img.xml,Item/Item.wz/Install/0399.img/03994141/info,Item/Item.wz/Install/0399.img/03994141/info/icon.png,Item/Item.wz/Install/0399.img/03994141/info/iconRaw.png
Install,0399,3994142,,,1,0,,,1,Item/Item.wz/Install/0399.img.xml,Item/Item.wz/Install/0399.img/03994142/info,Item/Item.wz/Install/0399.img/03994142/info/icon.png,Item/Item.wz/Install/0399.img/03994142/info/iconRaw.png
Install,0399,3994143,,,1,0,,,1,Item/Item.wz/Install/0399.img.xml,Item/Item.wz/Install/0399.img/03994143/info,Item/Item.wz/Install/0399.img/03994143/info/icon.png,Item/Item.wz/Install/0399.img/03994143/info/iconRaw.png
Install,0399,3994144,,,1,0,,,1,Item/Item.wz/Install/0399.img.xml,Item/Item.wz/Install/0399.img/03994144/info,Item/Item.wz/Install/0399.img/03994144/info/icon.png,Item/Item.wz/Install/0399.img/03994144/info/iconRaw.png
Install,0399,3994145,,,1,0,,,1,Item/Item.wz/Install/0399.img.xml,Item/Item.wz/Install/0399.img/03994145/info,Item/Item.wz/Install/0399.img/03994145/info/icon.png,Item/Item.wz/Install/0399.img/03994145/info/iconRaw.png
Install,0399,3994146,,,1,0,,,1,Item/Item.wz/Install/0399.img.xml,Item/Item.wz/Install/0399.img/03994146/info,Item/Item.wz/Install/0399.img/03994146/info/icon.png,Item/Item.wz/Install/0399.img/03994146/info/iconRaw.png
Install,0399,3994147,,,1,0,,,1,Item/Item.wz/Install/0399.img.xml,Item/Item.wz/Install/0399.img/03994147/info,Item/Item.wz/Install/0399.img/03994147/info/icon.png,Item/Item.wz/Install/0399.img/03994147/info/iconRaw.png
Install,0399,3994148,,,1,0,,,1,Item/Item.wz/Install/0399.img.xml,Item/Item.wz/Install/0399.img/03994148/info,Item/Item.wz/Install/0399.img/03994148/info/icon.png,Item/Item.wz/Install/0399.img/03994148/info/iconRaw.png
Install,0399,3994149,,,1,0,,,1,Item/Item.wz/Install/0399.img.xml,Item/Item.wz/Install/0399.img/03994149/info,Item/Item.wz/Install/0399.img/03994149/info/icon.png,Item/Item.wz/Install/0399.img/03994149/info/iconRaw.png
Install,0399,3994150,,,1,0,,,1,Item/Item.wz/Install/0399.img.xml,Item/Item.wz/Install/0399.img/03994150/info,Item/Item.wz/Install/0399.img/03994150/info/icon.png,Item/Item.wz/Install/0399.img/03994150/info/iconRaw.png
Install,0399,3994151,,,1,0,,,1,Item/Item.wz/Install/0399.img.xml,Item/Item.wz/Install/0399.img/03994151/info,Item/Item.wz/Install/0399.img/03994151/info/icon.png,Item/Item.wz/Install/0399.img/03994151/info/iconRaw.png
Install,0399,3994152,,,1,0,,,1,Item/Item.wz/Install/0399.img.xml,Item/Item.wz/Install/0399.img/03994152/info,Item/Item.wz/Install/0399.img/03994152/info/icon.png,Item/Item.wz/Install/0399.img/03994152/info/iconRaw.png
Install,0399,3994153,,,1,0,,,1,Item/Item.wz/Install/0399.img.xml,Item/Item.wz/Install/0399.img/03994153/info,Item/Item.wz/Install/0399.img/03994153/info/icon.png,Item/Item.wz/Install/0399.img/03994153/info/iconRaw.png
Install,0399,3994154,,,1,0,,,1,Item/Item.wz/Install/0399.img.xml,Item/Item.wz/Install/0399.img/03994154/info,Item/Item.wz/Install/0399.img/03994154/info/icon.png,Item/Item.wz/Install/0399.img/03994154/info/iconRaw.png
Install,0399,3994155,,,1,0,,,1,Item/Item.wz/Install/0399.img.xml,Item/Item.wz/Install/0399.img/03994155/info,Item/Item.wz/Install/0399.img/03994155/info/icon.png,Item/Item.wz/Install/0399.img/03994155/info/iconRaw.png
Install,0399,3994156,,,1,0,,,1,Item/Item.wz/Install/0399.img.xml,Item/Item.wz/Install/0399.img/03994156/info,Item/Item.wz/Install/0399.img/03994156/info/icon.png,Item/Item.wz/Install/0399.img/03994156/info/iconRaw.png
Install,0399,3994157,,,1,0,,,1,Item/Item.wz/Install/0399.img.xml,Item/Item.wz/Install/0399.img/03994157/info,Item/Item.wz/Install/0399.img/03994157/info/icon.png,Item/Item.wz/Install/0399.img/03994157/info/iconRaw.png
Install,0399,3994158,,,1,0,,,1,Item/Item.wz/Install/0399.img.xml,Item/Item.wz/Install/0399.img/03994158/info,Item/Item.wz/Install/0399.img/03994158/info/icon.png,Item/Item.wz/Install/0399.img/03994158/info/iconRaw.png
Install,0399,3994159,,,1,0,,,1,Item/Item.wz/Install/0399.img.xml,Item/Item.wz/Install/0399.img/03994159/info,Item/Item.wz/Install/0399.img/03994159/info/icon.png,Item/Item.wz/Install/0399.img/03994159/info/iconRaw.png
Install,0399,3994160,,,1,0,,,1,Item/Item.wz/Install/0399.img.xml,Item/Item.wz/Install/0399.img/03994160/info,Item/Item.wz/Install/0399.img/03994160/info/icon.png,Item/Item.wz/Install/0399.img/03994160/info/iconRaw.png
Install,0399,3994161,,,1,0,,,1,Item/Item.wz/Install/0399.img.xml,Item/Item.wz/Install/0399.img/03994161/info,Item/Item.wz/Install/0399.img/03994161/info/icon.png,Item/Item.wz/Install/0399.img/03994161/info/iconRaw.png
Install,0399,3994162,,,1,0,,,1,Item/Item.wz/Install/0399.img.xml,Item/Item.wz/Install/0399.img/03994162/info,Item/Item.wz/Install/0399.img/03994162/info/icon.png,Item/Item.wz/Install/0399.img/03994162/info/iconRaw.png
Install,0399,3994163,,,1,0,,,1,Item/Item.wz/Install/0399.img.xml,Item/Item.wz/Install/0399.img/03994163/info,Item/Item.wz/Install/0399.img/03994163/info/icon.png,Item/Item.wz/Install/0399.img/03994163/info/iconRaw.png
Install,0399,3994164,,,1,0,,,1,Item/Item.wz/Install/0399.img.xml,Item/Item.wz/Install/0399.img/03994164/info,Item/Item.wz/Install/0399.img/03994164/info/icon.png,Item/Item.wz/Install/0399.img/03994164/info/iconRaw.png
Install,0399,3994165,,,1,0,,,1,Item/Item.wz/Install/0399.img.xml,Item/Item.wz/Install/0399.img/03994165/info,Item/Item.wz/Install/0399.img/03994165/info/icon.png,Item/Item.wz/Install/0399.img/03994165/info/iconRaw.png
Install,0399,3994166,,,1,0,,,1,Item/Item.wz/Install/0399.img.xml,Item/Item.wz/Install/0399.img/03994166/info,Item/Item.wz/Install/0399.img/03994166/info/icon.png,Item/Item.wz/Install/0399.img/03994166/info/iconRaw.png
Install,0399,3994167,,,1,0,,,1,Item/Item.wz/Install/0399.img.xml,Item/Item.wz/Install/0399.img/03994167/info,Item/Item.wz/Install/0399.img/03994167/info/icon.png,Item/Item.wz/Install/0399.img/03994167/info/iconRaw.png
Install,0399,3994168,,,1,0,,,1,Item/Item.wz/Install/0399.img.xml,Item/Item.wz/Install/0399.img/03994168/info,Item/Item.wz/Install/0399.img/03994168/info/icon.png,Item/Item.wz/Install/0399.img/03994168/info/iconRaw.png
Install,0399,3994169,,,1,0,,,1,Item/Item.wz/Install/0399.img.xml,Item/Item.wz/Install/0399.img/03994169/info,Item/Item.wz/Install/0399.img/03994169/info/icon.png,Item/Item.wz/Install/0399.img/03994169/info/iconRaw.png
Install,0399,3994170,,,1,0,,,1,Item/Item.wz/Install/0399.img.xml,Item/Item.wz/Install/0399.img/03994170/info,Item/Item.wz/Install/0399.img/03994170/info/icon.png,Item/Item.wz/Install/0399.img/03994170/info/iconRaw.png
Install,0399,3994171,,,1,0,,,1,Item/Item.wz/Install/0399.img.xml,Item/Item.wz/Install/0399.img/03994171/info,Item/Item.wz/Install/0399.img/03994171/info/icon.png,Item/Item.wz/Install/0399.img/03994171/info/iconRaw.png
Install,0399,3994172,,,1,0,,,1,Item/Item.wz/Install/0399.img.xml,Item/Item.wz/Install/0399.img/03994172/info,Item/Item.wz/Install/0399.img/03994172/info/icon.png,Item/Item.wz/Install/0399.img/03994172/info/iconRaw.png
Install,0399,3994173,,,1,0,,,1,Item/Item.wz/Install/0399.img.xml,Item/Item.wz/Install/0399.img/03994173/info,Item/Item.wz/Install/0399.img/03994173/info/icon.png,Item/Item.wz/Install/0399.img/03994173/info/iconRaw.png
Install,0399,3994174,,,1,0,,,1,Item/Item.wz/Install/0399.img.xml,Item/Item.wz/Install/0399.img/03994174/info,Item/Item.wz/Install/0399.img/03994174/info/icon.png,Item/Item.wz/Install/0399.img/03994174/info/iconRaw.png
Install,0399,3994175,,,1,0,,,1,Item/Item.wz/Install/0399.img.xml,Item/Item.wz/Install/0399.img/03994175/info,Item/Item.wz/Install/0399.img/03994175/info/icon.png,Item/Item.wz/Install/0399.img/03994175/info/iconRaw.png
Install,0399,3994176,,,1,0,,,1,Item/Item.wz/Install/0399.img.xml,Item/Item.wz/Install/0399.img/03994176/info,Item/Item.wz/Install/0399.img/03994176/info/icon.png,Item/Item.wz/Install/0399.img/03994176/info/iconRaw.png
Install,0399,3994177,,,1,0,,,1,Item/Item.wz/Install/0399.img.xml,Item/Item.wz/Install/0399.img/03994177/info,Item/Item.wz/Install/0399.img/03994177/info/icon.png,Item/Item.wz/Install/0399.img/03994177/info/iconRaw.png
Install,0399,3994178,,,1,0,,,1,Item/Item.wz/Install/0399.img.xml,Item/Item.wz/Install/0399.img/03994178/info,Item/Item.wz/Install/0399.img/03994178/info/icon.png,Item/Item.wz/Install/0399.img/03994178/info/iconRaw.png
Install,0399,3994179,,,1,1,1,,1,Item/Item.wz/Install/0399.img.xml,Item/Item.wz/Install/0399.img/03994179/info,Item/Item.wz/Install/0399.img/03994179/info/icon.png,Item/Item.wz/Install/0399.img/03994179/info/iconRaw.png
Install,0399,3994180,,,1,1,1,,1,Item/Item.wz/Install/0399.img.xml,Item/Item.wz/Install/0399.img/03994180/info,Item/Item.wz/Install/0399.img/03994180/info/icon.png,Item/Item.wz/Install/0399.img/03994180/info/iconRaw.png
Install,0399,3995000,.,,1,1,1,,1,Item/Item.wz/Install/0399.img.xml,Item/Item.wz/Install/0399.img/03995000/info,Item/Item.wz/Install/0399.img/03995000/info/icon.png,Item/Item.wz/Install/0399.img/03995000/info/iconRaw.png
